2026-09-10 07:57:22.3991 Warn Logger: BlogApp.Program configured with duplicate output to target: FileTarget(Name=allfile). LoggingRule with NamePattern='*' and Level=Error has been skipped.
2026-09-10 07:57:22.5009 Warn Logger: BlogApp.Program configured with duplicate output to target: FileTarget(Name=allfile). LoggingRule with NamePattern='*' and Level=Error has been skipped.
2026-09-10 07:57:22.5081 Warn Logger: Microsoft.Extensions.Hosting.Internal.ApplicationLifetime configured with duplicate output to target: FileTarget(Name=allfile). LoggingRule with NamePattern='*' and Level=Error has been skipped.
2026-09-10 07:57:22.5081 Warn Logger: Microsoft.Extensions.Hosting.Internal.Host configured with duplicate output to target: FileTarget(Name=allfile). LoggingRule with NamePattern='*' and Level=Error has been skipped.
2026-09-10 07:57:22.5081 Warn Logger: Microsoft.Hosting.Lifetime configured with duplicate output to target: FileTarget(Name=allfile). LoggingRule with NamePattern='*' and Level=Error has been skipped.
2026-09-10 07:57:22.5081 Warn Logger: Microsoft.AspNetCore.Server.Kestrel.Core.KestrelServer configured with duplicate output to target: FileTarget(Name=allfile). LoggingRule with NamePattern='*' and Level=Error has been skipped.
2026-09-10 07:57:22.5081 Warn Logger: Microsoft.AspNetCore.Server.Kestrel.Https.Internal.HttpsConnectionMiddleware configured with duplicate output to target: FileTarget(Name=allfile). LoggingRule with NamePattern='*' and Level=Error has been skipped.
2026-09-10 07:57:22.5081 Warn Logger: Microsoft.AspNetCore.Server.Kestrel.Core.Internal.CertificatePathWatcher configured with duplicate output to target: FileTarget(Name=allfile). LoggingRule with NamePattern='*' and Level=Error has been skipped.
2026-09-10 07:57:22.5081 Warn Logger: Microsoft.AspNetCore.Server.Kestrel configured with duplicate output to target: FileTarget(Name=allfile). LoggingRule with NamePattern='*' and Level=Error has been skipped.
2026-09-10 07:57:22.5081 Warn Logger: Microsoft.AspNetCore.Server.Kestrel.BadRequests configured with duplicate output to target: FileTarget(Name=allfile). LoggingRule with NamePattern='*' and Level=Error has been skipped.
2026-09-10 07:57:22.5081 Warn Logger: Microsoft.AspNetCore.Server.Kestrel.Connections configured with duplicate output to target: FileTarget(Name=allfile). LoggingRule with NamePattern='*' and Level=Error has been skipped.
2026-09-10 07:57:22.5081 Warn Logger: Microsoft.AspNetCore.Server.Kestrel.Http2 configured with duplicate output to target: FileTarget(Name=allfile). LoggingRule with NamePattern='*' and Level=Error has been skipped.
2026-09-10 07:57:22.5081 Warn Logger: Microsoft.AspNetCore.Server.Kestrel.Http3 configured with duplicate output to target: FileTarget(Name=allfile). LoggingRule with NamePattern='*' and Level=Error has been skipped.
2026-09-10 07:57:22.5081 Warn Logger: BlogApp configured with duplicate output to target: FileTarget(Name=allfile). LoggingRule with NamePattern='*' and Level=Error has been skipped.
2026-09-10 07:57:22.5649 Warn Logger: Microsoft.EntityFrameworkCore.Infrastructure configured with duplicate output to target: FileTarget(Name=allfile). LoggingRule with NamePattern='*' and Level=Error has been skipped.
2026-09-10 07:57:22.5911 Warn Logger: Microsoft.EntityFrameworkCore.ChangeTracking configured with duplicate output to target: FileTarget(Name=allfile). LoggingRule with NamePattern='*' and Level=Error has been skipped.
2026-09-10 07:57:22.5911 Warn Logger: Microsoft.EntityFrameworkCore.Database.Command configured with duplicate output to target: FileTarget(Name=allfile). LoggingRule with NamePattern='*' and Level=Error has been skipped.
2026-09-10 07:57:22.5911 Warn Logger: Microsoft.EntityFrameworkCore.Query configured with duplicate output to target: FileTarget(Name=allfile). LoggingRule with NamePattern='*' and Level=Error has been skipped.
2026-09-10 07:57:22.5911 Warn Logger: Microsoft.EntityFrameworkCore.Database.Transaction configured with duplicate output to target: FileTarget(Name=allfile). LoggingRule with NamePattern='*' and Level=Error has been skipped.
2026-09-10 07:57:22.5911 Warn Logger: Microsoft.EntityFrameworkCore.Database.Connection configured with duplicate output to target: FileTarget(Name=allfile). LoggingRule with NamePattern='*' and Level=Error has been skipped.
2026-09-10 07:57:22.6044 Warn Logger: Microsoft.EntityFrameworkCore.Model configured with duplicate output to target: FileTarget(Name=allfile). LoggingRule with NamePattern='*' and Level=Error has been skipped.
2026-09-10 07:57:22.6044 Warn Logger: Microsoft.EntityFrameworkCore.Model.Validation configured with duplicate output to target: FileTarget(Name=allfile). LoggingRule with NamePattern='*' and Level=Error has been skipped.
2026-09-10 07:57:22.9929 Warn Logger: Microsoft.EntityFrameworkCore.Update configured with duplicate output to target: FileTarget(Name=allfile). LoggingRule with NamePattern='*' and Level=Error has been skipped.
2026-09-10 07:57:22.9929 Warn Logger: Microsoft.EntityFrameworkCore.Migrations configured with duplicate output to target: FileTarget(Name=allfile). LoggingRule with NamePattern='*' and Level=Error has been skipped.
2026-09-10 07:57:23.0681 Warn Logger: Microsoft.AspNetCore.Identity.RoleManager configured with duplicate output to target: FileTarget(Name=allfile). LoggingRule with NamePattern='*' and Level=Error has been skipped.
2026-09-10 07:57:23.0681 Warn Logger: Microsoft.AspNetCore.Identity.UserManager configured with duplicate output to target: FileTarget(Name=allfile). LoggingRule with NamePattern='*' and Level=Error has been skipped.
2026-09-10 07:57:23.0681 Warn Logger: Microsoft.AspNetCore.DataProtection.TypeForwardingActivator configured with duplicate output to target: FileTarget(Name=allfile). LoggingRule with NamePattern='*' and Level=Error has been skipped.
2026-09-10 07:57:23.0681 Warn Logger: Microsoft.AspNetCore.DataProtection.KeyManagement.XmlKeyManager configured with duplicate output to target: FileTarget(Name=allfile). LoggingRule with NamePattern='*' and Level=Error has been skipped.
2026-09-10 07:57:23.0681 Warn Logger: Microsoft.AspNetCore.DataProtection.AuthenticatedEncryption.CngGcmAuthenticatedEncryptorFactory configured with duplicate output to target: FileTarget(Name=allfile). LoggingRule with NamePattern='*' and Level=Error has been skipped.
2026-09-10 07:57:23.0681 Warn Logger: Microsoft.AspNetCore.DataProtection.AuthenticatedEncryption.CngCbcAuthenticatedEncryptorFactory configured with duplicate output to target: FileTarget(Name=allfile). LoggingRule with NamePattern='*' and Level=Error has been skipped.
2026-09-10 07:57:23.0681 Warn Logger: Microsoft.AspNetCore.DataProtection.AuthenticatedEncryption.ManagedAuthenticatedEncryptorFactory configured with duplicate output to target: FileTarget(Name=allfile). LoggingRule with NamePattern='*' and Level=Error has been skipped.
2026-09-10 07:57:23.0681 Warn Logger: Microsoft.AspNetCore.DataProtection.XmlEncryption.DpapiXmlEncryptor configured with duplicate output to target: FileTarget(Name=allfile). LoggingRule with NamePattern='*' and Level=Error has been skipped.
2026-09-10 07:57:23.0681 Warn Logger: Microsoft.AspNetCore.DataProtection.Repositories.FileSystemXmlRepository configured with duplicate output to target: FileTarget(Name=allfile). LoggingRule with NamePattern='*' and Level=Error has been skipped.
2026-09-10 07:57:23.0851 Warn Logger: Microsoft.AspNetCore.DataProtection.KeyManagement.DefaultKeyResolver configured with duplicate output to target: FileTarget(Name=allfile). LoggingRule with NamePattern='*' and Level=Error has been skipped.
2026-09-10 07:57:23.0851 Warn Logger: Microsoft.AspNetCore.DataProtection.KeyManagement.KeyRingProvider configured with duplicate output to target: FileTarget(Name=allfile). LoggingRule with NamePattern='*' and Level=Error has been skipped.
2026-09-10 07:57:23.0851 Warn Logger: Microsoft.AspNetCore.DataProtection.KeyManagement.KeyRingBasedDataProtector configured with duplicate output to target: FileTarget(Name=allfile). LoggingRule with NamePattern='*' and Level=Error has been skipped.
2026-09-10 07:57:23.0851 Warn Logger: Microsoft.AspNetCore.Identity.DataProtectorTokenProvider configured with duplicate output to target: FileTarget(Name=allfile). LoggingRule with NamePattern='*' and Level=Error has been skipped.
2026-09-10 07:57:23.3361 Warn Logger: Microsoft.AspNetCore.Mvc.Formatters.SystemTextJsonInputFormatter configured with duplicate output to target: FileTarget(Name=allfile). LoggingRule with NamePattern='*' and Level=Error has been skipped.
2026-09-10 07:57:23.3485 Warn Logger: Microsoft.AspNetCore.Mvc.Core.Filters.AntiforgeryMiddlewareAuthorizationFilter configured with duplicate output to target: FileTarget(Name=allfile). LoggingRule with NamePattern='*' and Level=Error has been skipped.
2026-09-10 07:57:23.3485 Warn Logger: Microsoft.AspNetCore.Mvc.Razor.Compilation.DefaultViewCompiler configured with duplicate output to target: FileTarget(Name=allfile). LoggingRule with NamePattern='*' and Level=Error has been skipped.
2026-09-10 07:57:23.3485 Warn Logger: Microsoft.AspNetCore.Mvc.Razor.RazorViewEngine configured with duplicate output to target: FileTarget(Name=allfile). LoggingRule with NamePattern='*' and Level=Error has been skipped.
2026-09-10 07:57:23.3485 Warn Logger: Microsoft.AspNetCore.Mvc.Infrastructure.DefaultActionDescriptorCollectionProvider configured with duplicate output to target: FileTarget(Name=allfile). LoggingRule with NamePattern='*' and Level=Error has been skipped.
2026-09-10 07:57:23.3485 Warn Logger: Microsoft.AspNetCore.Mvc.ModelBinding.ModelBinderFactory configured with duplicate output to target: FileTarget(Name=allfile). LoggingRule with NamePattern='*' and Level=Error has been skipped.
2026-09-10 07:57:23.3485 Warn Logger: Microsoft.AspNetCore.Mvc.ModelBinding.ParameterBinder configured with duplicate output to target: FileTarget(Name=allfile). LoggingRule with NamePattern='*' and Level=Error has been skipped.
2026-09-10 07:57:23.3485 Warn Logger: Microsoft.AspNetCore.Mvc.Infrastructure.ControllerActionInvoker configured with duplicate output to target: FileTarget(Name=allfile). LoggingRule with NamePattern='*' and Level=Error has been skipped.
2026-09-10 07:57:23.3883 Warn Logger: Microsoft.AspNetCore.DataProtection.Internal.DataProtectionHostedService configured with duplicate output to target: FileTarget(Name=allfile). LoggingRule with NamePattern='*' and Level=Error has been skipped.
2026-09-10 07:57:23.3883 Warn Logger: Microsoft.AspNetCore.Hosting.Diagnostics configured with duplicate output to target: FileTarget(Name=allfile). LoggingRule with NamePattern='*' and Level=Error has been skipped.
2026-09-10 07:57:23.4049 Warn Logger: Microsoft.AspNetCore.DataProtection.XmlEncryption.DpapiXmlDecryptor configured with duplicate output to target: FileTarget(Name=allfile). LoggingRule with NamePattern='*' and Level=Error has been skipped.
2026-09-10 07:57:23.4091 Warn Logger: Microsoft.AspNetCore.Watch.BrowserRefresh.BlazorWasmHotReloadMiddleware configured with duplicate output to target: FileTarget(Name=allfile). LoggingRule with NamePattern='*' and Level=Error has been skipped.
2026-09-10 07:57:23.4091 Warn Logger: Microsoft.AspNetCore.Watch.BrowserRefresh.BrowserScriptMiddleware configured with duplicate output to target: FileTarget(Name=allfile). LoggingRule with NamePattern='*' and Level=Error has been skipped.
2026-09-10 07:57:23.4091 Warn Logger: Microsoft.AspNetCore.Routing.EndpointMiddleware configured with duplicate output to target: FileTarget(Name=allfile). LoggingRule with NamePattern='*' and Level=Error has been skipped.
2026-09-10 07:57:23.4091 Warn Logger: Microsoft.AspNetCore.Authorization.AuthorizationMiddleware configured with duplicate output to target: FileTarget(Name=allfile). LoggingRule with NamePattern='*' and Level=Error has been skipped.
2026-09-10 07:57:23.4238 Warn Logger: Microsoft.AspNetCore.Routing.EndpointRoutingMiddleware configured with duplicate output to target: FileTarget(Name=allfile). LoggingRule with NamePattern='*' and Level=Error has been skipped.
2026-09-10 07:57:23.4238 Warn Logger: Microsoft.AspNetCore.StaticFiles.StaticFileMiddleware configured with duplicate output to target: FileTarget(Name=allfile). LoggingRule with NamePattern='*' and Level=Error has been skipped.
2026-09-10 07:57:23.4238 Warn Logger: Microsoft.AspNetCore.HttpsPolicy.HttpsRedirectionMiddleware configured with duplicate output to target: FileTarget(Name=allfile). LoggingRule with NamePattern='*' and Level=Error has been skipped.
2026-09-10 07:57:23.4238 Warn Logger: Microsoft.AspNetCore.Diagnostics.ExceptionHandlerMiddleware configured with duplicate output to target: FileTarget(Name=allfile). LoggingRule with NamePattern='*' and Level=Error has been skipped.
2026-09-10 07:57:23.4238 Warn Logger: Microsoft.AspNetCore.Diagnostics.DeveloperExceptionPageMiddleware configured with duplicate output to target: FileTarget(Name=allfile). LoggingRule with NamePattern='*' and Level=Error has been skipped.
2026-09-10 07:57:23.4238 Warn Logger: Microsoft.AspNetCore.HostFiltering.HostFilteringMiddleware configured with duplicate output to target: FileTarget(Name=allfile). LoggingRule with NamePattern='*' and Level=Error has been skipped.
2026-09-10 07:57:23.4238 Warn Logger: Microsoft.WebTools.BrowserLink.Net.BrowserLinkMiddleware configured with duplicate output to target: FileTarget(Name=allfile). LoggingRule with NamePattern='*' and Level=Error has been skipped.
2026-09-10 07:57:23.4238 Warn Logger: Microsoft.WebTools.BrowserLink.Net.VsContentMiddleware configured with duplicate output to target: FileTarget(Name=allfile). LoggingRule with NamePattern='*' and Level=Error has been skipped.
2026-09-10 07:57:23.4238 Warn Logger: Microsoft.AspNetCore.Watch.BrowserRefresh.BrowserRefreshMiddleware configured with duplicate output to target: FileTarget(Name=allfile). LoggingRule with NamePattern='*' and Level=Error has been skipped.
2026-09-10 07:57:23.4784 Warn Logger: Microsoft.AspNetCore.Server.Kestrel.Transport.Sockets configured with duplicate output to target: FileTarget(Name=allfile). LoggingRule with NamePattern='*' and Level=Error has been skipped.
2026-09-10 07:57:23.6498 Warn Logger: Microsoft.AspNetCore.Routing.Matching.DfaMatcher configured with duplicate output to target: FileTarget(Name=allfile). LoggingRule with NamePattern='*' and Level=Error has been skipped.
2026-09-10 07:57:23.6498 Warn Logger: Microsoft.AspNetCore.Authentication.Cookies.CookieAuthenticationHandler configured with duplicate output to target: FileTarget(Name=allfile). LoggingRule with NamePattern='*' and Level=Error has been skipped.
2026-09-10 07:57:23.6604 Warn Logger: Microsoft.AspNetCore.Identity.SignInManager configured with duplicate output to target: FileTarget(Name=allfile). LoggingRule with NamePattern='*' and Level=Error has been skipped.
2026-09-10 07:57:23.6604 Warn Logger: Microsoft.AspNetCore.Identity.SecurityStampValidator configured with duplicate output to target: FileTarget(Name=allfile). LoggingRule with NamePattern='*' and Level=Error has been skipped.
2026-09-10 07:57:23.6604 Warn Logger: Microsoft.AspNetCore.Mvc.ViewFeatures.CookieTempDataProvider configured with duplicate output to target: FileTarget(Name=allfile). LoggingRule with NamePattern='*' and Level=Error has been skipped.
2026-09-10 07:57:23.6604 Warn Logger: Microsoft.AspNetCore.Mvc.ModelBinding.Binders.SimpleTypeModelBinder configured with duplicate output to target: FileTarget(Name=allfile). LoggingRule with NamePattern='*' and Level=Error has been skipped.
2026-09-10 07:57:23.6766 Warn Logger: BlogApp.Controllers.ArticleController configured with duplicate output to target: FileTarget(Name=allfile). LoggingRule with NamePattern='*' and Level=Error has been skipped.
2026-09-10 07:57:23.7867 Warn Logger: Microsoft.AspNetCore.Mvc.ViewFeatures.ViewResultExecutor configured with duplicate output to target: FileTarget(Name=allfile). LoggingRule with NamePattern='*' and Level=Error has been skipped.
2026-09-10 07:57:23.7867 Warn Logger: Microsoft.AspNetCore.Routing.DefaultLinkGenerator configured with duplicate output to target: FileTarget(Name=allfile). LoggingRule with NamePattern='*' and Level=Error has been skipped.
2026-09-10 07:57:23.7867 Warn Logger: Microsoft.AspNetCore.Mvc.ViewComponents.DefaultViewComponentInvoker configured with duplicate output to target: FileTarget(Name=allfile). LoggingRule with NamePattern='*' and Level=Error has been skipped.
2026-09-10 07:57:23.7867 Warn Logger: Microsoft.AspNetCore.Antiforgery.DefaultAntiforgery configured with duplicate output to target: FileTarget(Name=allfile). LoggingRule with NamePattern='*' and Level=Error has been skipped.
2026-09-10 07:57:23.8168 Warn Logger: Microsoft.AspNetCore.Mvc.Razor.TagHelpers.HeadTagHelper configured with duplicate output to target: FileTarget(Name=allfile). LoggingRule with NamePattern='*' and Level=Error has been skipped.
2026-09-10 07:57:23.8168 Warn Logger: Microsoft.AspNetCore.Mvc.Razor.TagHelpers.BodyTagHelper configured with duplicate output to target: FileTarget(Name=allfile). LoggingRule with NamePattern='*' and Level=Error has been skipped.
2026-09-10 07:58:04.6981 Warn Logger: BlogApp.Program configured with duplicate output to target: FileTarget(Name=allfile). LoggingRule with NamePattern='*' and Level=Error has been skipped.
2026-09-10 07:58:04.7927 Warn Logger: BlogApp.Program configured with duplicate output to target: FileTarget(Name=allfile). LoggingRule with NamePattern='*' and Level=Error has been skipped.
2026-09-10 07:58:04.8008 Warn Logger: Microsoft.Extensions.Hosting.Internal.ApplicationLifetime configured with duplicate output to target: FileTarget(Name=allfile). LoggingRule with NamePattern='*' and Level=Error has been skipped.
2026-09-10 07:58:04.8008 Warn Logger: Microsoft.Extensions.Hosting.Internal.Host configured with duplicate output to target: FileTarget(Name=allfile). LoggingRule with NamePattern='*' and Level=Error has been skipped.
2026-09-10 07:58:04.8008 Warn Logger: Microsoft.Hosting.Lifetime configured with duplicate output to target: FileTarget(Name=allfile). LoggingRule with NamePattern='*' and Level=Error has been skipped.
2026-09-10 07:58:04.8008 Warn Logger: Microsoft.AspNetCore.Server.Kestrel.Core.KestrelServer configured with duplicate output to target: FileTarget(Name=allfile). LoggingRule with NamePattern='*' and Level=Error has been skipped.
2026-09-10 07:58:04.8008 Warn Logger: Microsoft.AspNetCore.Server.Kestrel.Https.Internal.HttpsConnectionMiddleware configured with duplicate output to target: FileTarget(Name=allfile). LoggingRule with NamePattern='*' and Level=Error has been skipped.
2026-09-10 07:58:04.8008 Warn Logger: Microsoft.AspNetCore.Server.Kestrel.Core.Internal.CertificatePathWatcher configured with duplicate output to target: FileTarget(Name=allfile). LoggingRule with NamePattern='*' and Level=Error has been skipped.
2026-09-10 07:58:04.8008 Warn Logger: Microsoft.AspNetCore.Server.Kestrel configured with duplicate output to target: FileTarget(Name=allfile). LoggingRule with NamePattern='*' and Level=Error has been skipped.
2026-09-10 07:58:04.8008 Warn Logger: Microsoft.AspNetCore.Server.Kestrel.BadRequests configured with duplicate output to target: FileTarget(Name=allfile). LoggingRule with NamePattern='*' and Level=Error has been skipped.
2026-09-10 07:58:04.8008 Warn Logger: Microsoft.AspNetCore.Server.Kestrel.Connections configured with duplicate output to target: FileTarget(Name=allfile). LoggingRule with NamePattern='*' and Level=Error has been skipped.
2026-09-10 07:58:04.8008 Warn Logger: Microsoft.AspNetCore.Server.Kestrel.Http2 configured with duplicate output to target: FileTarget(Name=allfile). LoggingRule with NamePattern='*' and Level=Error has been skipped.
2026-09-10 07:58:04.8008 Warn Logger: Microsoft.AspNetCore.Server.Kestrel.Http3 configured with duplicate output to target: FileTarget(Name=allfile). LoggingRule with NamePattern='*' and Level=Error has been skipped.
2026-09-10 07:58:04.8142 Warn Logger: BlogApp configured with duplicate output to target: FileTarget(Name=allfile). LoggingRule with NamePattern='*' and Level=Error has been skipped.
2026-09-10 07:58:04.8609 Warn Logger: Microsoft.EntityFrameworkCore.Infrastructure configured with duplicate output to target: FileTarget(Name=allfile). LoggingRule with NamePattern='*' and Level=Error has been skipped.
2026-09-10 07:58:04.8863 Warn Logger: Microsoft.EntityFrameworkCore.ChangeTracking configured with duplicate output to target: FileTarget(Name=allfile). LoggingRule with NamePattern='*' and Level=Error has been skipped.
2026-09-10 07:58:04.8863 Warn Logger: Microsoft.EntityFrameworkCore.Database.Command configured with duplicate output to target: FileTarget(Name=allfile). LoggingRule with NamePattern='*' and Level=Error has been skipped.
2026-09-10 07:58:04.8863 Warn Logger: Microsoft.EntityFrameworkCore.Query configured with duplicate output to target: FileTarget(Name=allfile). LoggingRule with NamePattern='*' and Level=Error has been skipped.
2026-09-10 07:58:04.8863 Warn Logger: Microsoft.EntityFrameworkCore.Database.Transaction configured with duplicate output to target: FileTarget(Name=allfile). LoggingRule with NamePattern='*' and Level=Error has been skipped.
2026-09-10 07:58:04.8863 Warn Logger: Microsoft.EntityFrameworkCore.Database.Connection configured with duplicate output to target: FileTarget(Name=allfile). LoggingRule with NamePattern='*' and Level=Error has been skipped.
2026-09-10 07:58:04.8992 Warn Logger: Microsoft.EntityFrameworkCore.Model configured with duplicate output to target: FileTarget(Name=allfile). LoggingRule with NamePattern='*' and Level=Error has been skipped.
2026-09-10 07:58:04.8992 Warn Logger: Microsoft.EntityFrameworkCore.Model.Validation configured with duplicate output to target: FileTarget(Name=allfile). LoggingRule with NamePattern='*' and Level=Error has been skipped.
2026-09-10 07:58:05.2179 Warn Logger: Microsoft.EntityFrameworkCore.Update configured with duplicate output to target: FileTarget(Name=allfile). LoggingRule with NamePattern='*' and Level=Error has been skipped.
2026-09-10 07:58:05.2220 Warn Logger: Microsoft.EntityFrameworkCore.Migrations configured with duplicate output to target: FileTarget(Name=allfile). LoggingRule with NamePattern='*' and Level=Error has been skipped.
2026-09-10 07:58:05.2686 Warn Logger: Microsoft.AspNetCore.Identity.RoleManager configured with duplicate output to target: FileTarget(Name=allfile). LoggingRule with NamePattern='*' and Level=Error has been skipped.
2026-09-10 07:58:05.2829 Warn Logger: Microsoft.AspNetCore.Identity.UserManager configured with duplicate output to target: FileTarget(Name=allfile). LoggingRule with NamePattern='*' and Level=Error has been skipped.
2026-09-10 07:58:05.2829 Warn Logger: Microsoft.AspNetCore.DataProtection.TypeForwardingActivator configured with duplicate output to target: FileTarget(Name=allfile). LoggingRule with NamePattern='*' and Level=Error has been skipped.
2026-09-10 07:58:05.2829 Warn Logger: Microsoft.AspNetCore.DataProtection.KeyManagement.XmlKeyManager configured with duplicate output to target: FileTarget(Name=allfile). LoggingRule with NamePattern='*' and Level=Error has been skipped.
2026-09-10 07:58:05.2829 Warn Logger: Microsoft.AspNetCore.DataProtection.AuthenticatedEncryption.CngGcmAuthenticatedEncryptorFactory configured with duplicate output to target: FileTarget(Name=allfile). LoggingRule with NamePattern='*' and Level=Error has been skipped.
2026-09-10 07:58:05.2829 Warn Logger: Microsoft.AspNetCore.DataProtection.AuthenticatedEncryption.CngCbcAuthenticatedEncryptorFactory configured with duplicate output to target: FileTarget(Name=allfile). LoggingRule with NamePattern='*' and Level=Error has been skipped.
2026-09-10 07:58:05.2829 Warn Logger: Microsoft.AspNetCore.DataProtection.AuthenticatedEncryption.ManagedAuthenticatedEncryptorFactory configured with duplicate output to target: FileTarget(Name=allfile). LoggingRule with NamePattern='*' and Level=Error has been skipped.
2026-09-10 07:58:05.2829 Warn Logger: Microsoft.AspNetCore.DataProtection.XmlEncryption.DpapiXmlEncryptor configured with duplicate output to target: FileTarget(Name=allfile). LoggingRule with NamePattern='*' and Level=Error has been skipped.
2026-09-10 07:58:05.2829 Warn Logger: Microsoft.AspNetCore.DataProtection.Repositories.FileSystemXmlRepository configured with duplicate output to target: FileTarget(Name=allfile). LoggingRule with NamePattern='*' and Level=Error has been skipped.
2026-09-10 07:58:05.2829 Warn Logger: Microsoft.AspNetCore.DataProtection.KeyManagement.DefaultKeyResolver configured with duplicate output to target: FileTarget(Name=allfile). LoggingRule with NamePattern='*' and Level=Error has been skipped.
2026-09-10 07:58:05.2829 Warn Logger: Microsoft.AspNetCore.DataProtection.KeyManagement.KeyRingProvider configured with duplicate output to target: FileTarget(Name=allfile). LoggingRule with NamePattern='*' and Level=Error has been skipped.
2026-09-10 07:58:05.2829 Warn Logger: Microsoft.AspNetCore.DataProtection.KeyManagement.KeyRingBasedDataProtector configured with duplicate output to target: FileTarget(Name=allfile). LoggingRule with NamePattern='*' and Level=Error has been skipped.
2026-09-10 07:58:05.2829 Warn Logger: Microsoft.AspNetCore.Identity.DataProtectorTokenProvider configured with duplicate output to target: FileTarget(Name=allfile). LoggingRule with NamePattern='*' and Level=Error has been skipped.
2026-09-10 07:58:05.5061 Warn Logger: Microsoft.AspNetCore.Mvc.Formatters.SystemTextJsonInputFormatter configured with duplicate output to target: FileTarget(Name=allfile). LoggingRule with NamePattern='*' and Level=Error has been skipped.
2026-09-10 07:58:05.5061 Warn Logger: Microsoft.AspNetCore.Mvc.Core.Filters.AntiforgeryMiddlewareAuthorizationFilter configured with duplicate output to target: FileTarget(Name=allfile). LoggingRule with NamePattern='*' and Level=Error has been skipped.
2026-09-10 07:58:05.5061 Warn Logger: Microsoft.AspNetCore.Mvc.Razor.Compilation.DefaultViewCompiler configured with duplicate output to target: FileTarget(Name=allfile). LoggingRule with NamePattern='*' and Level=Error has been skipped.
2026-09-10 07:58:05.5188 Warn Logger: Microsoft.AspNetCore.Mvc.Razor.RazorViewEngine configured with duplicate output to target: FileTarget(Name=allfile). LoggingRule with NamePattern='*' and Level=Error has been skipped.
2026-09-10 07:58:05.5188 Warn Logger: Microsoft.AspNetCore.Mvc.Infrastructure.DefaultActionDescriptorCollectionProvider configured with duplicate output to target: FileTarget(Name=allfile). LoggingRule with NamePattern='*' and Level=Error has been skipped.
2026-09-10 07:58:05.5188 Warn Logger: Microsoft.AspNetCore.Mvc.ModelBinding.ModelBinderFactory configured with duplicate output to target: FileTarget(Name=allfile). LoggingRule with NamePattern='*' and Level=Error has been skipped.
2026-09-10 07:58:05.5188 Warn Logger: Microsoft.AspNetCore.Mvc.ModelBinding.ParameterBinder configured with duplicate output to target: FileTarget(Name=allfile). LoggingRule with NamePattern='*' and Level=Error has been skipped.
2026-09-10 07:58:05.5188 Warn Logger: Microsoft.AspNetCore.Mvc.Infrastructure.ControllerActionInvoker configured with duplicate output to target: FileTarget(Name=allfile). LoggingRule with NamePattern='*' and Level=Error has been skipped.
2026-09-10 07:58:05.5489 Warn Logger: Microsoft.AspNetCore.DataProtection.Internal.DataProtectionHostedService configured with duplicate output to target: FileTarget(Name=allfile). LoggingRule with NamePattern='*' and Level=Error has been skipped.
2026-09-10 07:58:05.5489 Warn Logger: Microsoft.AspNetCore.Hosting.Diagnostics configured with duplicate output to target: FileTarget(Name=allfile). LoggingRule with NamePattern='*' and Level=Error has been skipped.
2026-09-10 07:58:05.5709 Warn Logger: Microsoft.AspNetCore.DataProtection.XmlEncryption.DpapiXmlDecryptor configured with duplicate output to target: FileTarget(Name=allfile). LoggingRule with NamePattern='*' and Level=Error has been skipped.
2026-09-10 07:58:05.5709 Warn Logger: Microsoft.AspNetCore.Watch.BrowserRefresh.BlazorWasmHotReloadMiddleware configured with duplicate output to target: FileTarget(Name=allfile). LoggingRule with NamePattern='*' and Level=Error has been skipped.
2026-09-10 07:58:05.5709 Warn Logger: Microsoft.AspNetCore.Watch.BrowserRefresh.BrowserScriptMiddleware configured with duplicate output to target: FileTarget(Name=allfile). LoggingRule with NamePattern='*' and Level=Error has been skipped.
2026-09-10 07:58:05.5864 Warn Logger: Microsoft.AspNetCore.Routing.EndpointMiddleware configured with duplicate output to target: FileTarget(Name=allfile). LoggingRule with NamePattern='*' and Level=Error has been skipped.
2026-09-10 07:58:05.5864 Warn Logger: Microsoft.AspNetCore.Authorization.AuthorizationMiddleware configured with duplicate output to target: FileTarget(Name=allfile). LoggingRule with NamePattern='*' and Level=Error has been skipped.
2026-09-10 07:58:05.5864 Warn Logger: Microsoft.AspNetCore.Routing.EndpointRoutingMiddleware configured with duplicate output to target: FileTarget(Name=allfile). LoggingRule with NamePattern='*' and Level=Error has been skipped.
2026-09-10 07:58:05.5864 Warn Logger: Microsoft.AspNetCore.StaticFiles.StaticFileMiddleware configured with duplicate output to target: FileTarget(Name=allfile). LoggingRule with NamePattern='*' and Level=Error has been skipped.
2026-09-10 07:58:05.5864 Warn Logger: Microsoft.AspNetCore.HttpsPolicy.HttpsRedirectionMiddleware configured with duplicate output to target: FileTarget(Name=allfile). LoggingRule with NamePattern='*' and Level=Error has been skipped.
2026-09-10 07:58:05.5864 Warn Logger: Microsoft.AspNetCore.Diagnostics.ExceptionHandlerMiddleware configured with duplicate output to target: FileTarget(Name=allfile). LoggingRule with NamePattern='*' and Level=Error has been skipped.
2026-09-10 07:58:05.5864 Warn Logger: Microsoft.AspNetCore.Diagnostics.DeveloperExceptionPageMiddleware configured with duplicate output to target: FileTarget(Name=allfile). LoggingRule with NamePattern='*' and Level=Error has been skipped.
2026-09-10 07:58:05.5864 Warn Logger: Microsoft.AspNetCore.HostFiltering.HostFilteringMiddleware configured with duplicate output to target: FileTarget(Name=allfile). LoggingRule with NamePattern='*' and Level=Error has been skipped.
2026-09-10 07:58:05.5966 Warn Logger: Microsoft.WebTools.BrowserLink.Net.BrowserLinkMiddleware configured with duplicate output to target: FileTarget(Name=allfile). LoggingRule with NamePattern='*' and Level=Error has been skipped.
2026-09-10 07:58:05.5966 Warn Logger: Microsoft.WebTools.BrowserLink.Net.VsContentMiddleware configured with duplicate output to target: FileTarget(Name=allfile). LoggingRule with NamePattern='*' and Level=Error has been skipped.
2026-09-10 07:58:05.5966 Warn Logger: Microsoft.AspNetCore.Watch.BrowserRefresh.BrowserRefreshMiddleware configured with duplicate output to target: FileTarget(Name=allfile). LoggingRule with NamePattern='*' and Level=Error has been skipped.
2026-09-10 07:58:05.6478 Warn Logger: Microsoft.AspNetCore.Server.Kestrel.Transport.Sockets configured with duplicate output to target: FileTarget(Name=allfile). LoggingRule with NamePattern='*' and Level=Error has been skipped.
2026-09-10 07:58:48.7237 Warn Logger: Microsoft.AspNetCore.Routing.Matching.DfaMatcher configured with duplicate output to target: FileTarget(Name=allfile). LoggingRule with NamePattern='*' and Level=Error has been skipped.
2026-09-10 07:58:48.7237 Warn Logger: Microsoft.AspNetCore.Authentication.Cookies.CookieAuthenticationHandler configured with duplicate output to target: FileTarget(Name=allfile). LoggingRule with NamePattern='*' and Level=Error has been skipped.
2026-09-10 07:58:48.7237 Warn Logger: Microsoft.AspNetCore.Identity.SignInManager configured with duplicate output to target: FileTarget(Name=allfile). LoggingRule with NamePattern='*' and Level=Error has been skipped.
2026-09-10 07:58:48.7237 Warn Logger: Microsoft.AspNetCore.Identity.SecurityStampValidator configured with duplicate output to target: FileTarget(Name=allfile). LoggingRule with NamePattern='*' and Level=Error has been skipped.
2026-09-10 07:58:48.7363 Warn Logger: Microsoft.AspNetCore.Mvc.ViewFeatures.CookieTempDataProvider configured with duplicate output to target: FileTarget(Name=allfile). LoggingRule with NamePattern='*' and Level=Error has been skipped.
2026-09-10 07:58:48.7363 Warn Logger: Microsoft.AspNetCore.Mvc.ModelBinding.Binders.SimpleTypeModelBinder configured with duplicate output to target: FileTarget(Name=allfile). LoggingRule with NamePattern='*' and Level=Error has been skipped.
2026-09-10 07:58:48.7363 Warn Logger: BlogApp.Controllers.ArticleController configured with duplicate output to target: FileTarget(Name=allfile). LoggingRule with NamePattern='*' and Level=Error has been skipped.
2026-09-10 07:58:48.8608 Warn Logger: Microsoft.AspNetCore.Mvc.ViewFeatures.ViewResultExecutor configured with duplicate output to target: FileTarget(Name=allfile). LoggingRule with NamePattern='*' and Level=Error has been skipped.
2026-09-10 07:58:48.8637 Warn Logger: Microsoft.AspNetCore.Routing.DefaultLinkGenerator configured with duplicate output to target: FileTarget(Name=allfile). LoggingRule with NamePattern='*' and Level=Error has been skipped.
2026-09-10 07:58:48.8637 Warn Logger: Microsoft.AspNetCore.Mvc.ViewComponents.DefaultViewComponentInvoker configured with duplicate output to target: FileTarget(Name=allfile). LoggingRule with NamePattern='*' and Level=Error has been skipped.
2026-09-10 07:58:48.8637 Warn Logger: Microsoft.AspNetCore.Antiforgery.DefaultAntiforgery configured with duplicate output to target: FileTarget(Name=allfile). LoggingRule with NamePattern='*' and Level=Error has been skipped.
2026-09-10 07:58:48.8891 Warn Logger: Microsoft.AspNetCore.Mvc.Razor.TagHelpers.HeadTagHelper configured with duplicate output to target: FileTarget(Name=allfile). LoggingRule with NamePattern='*' and Level=Error has been skipped.
2026-09-10 07:58:48.8919 Warn Logger: Microsoft.AspNetCore.Mvc.Razor.TagHelpers.BodyTagHelper configured with duplicate output to target: FileTarget(Name=allfile). LoggingRule with NamePattern='*' and Level=Error has been skipped.
2026-09-10 07:59:04.8331 Warn Logger: Microsoft.AspNetCore.Authorization.DefaultAuthorizationService configured with duplicate output to target: FileTarget(Name=allfile). LoggingRule with NamePattern='*' and Level=Error has been skipped.
2026-09-10 07:59:06.2308 Warn Logger: Microsoft.AspNetCore.Mvc.ViewFeatures.Filters.ValidateAntiforgeryTokenAuthorizationFilter configured with duplicate output to target: FileTarget(Name=allfile). LoggingRule with NamePattern='*' and Level=Error has been skipped.
2026-09-10 07:59:06.3475 Warn Logger: UserActions configured with duplicate output to target: FileTarget(Name=allfile). LoggingRule with NamePattern='*' and Level=Error has been skipped.
2026-09-10 07:59:06.3475 Warn Logger: Microsoft.AspNetCore.Mvc.RedirectToActionResult configured with duplicate output to target: FileTarget(Name=allfile). LoggingRule with NamePattern='*' and Level=Error has been skipped.
2026-09-10 08:00:10.6174 Warn Logger: Microsoft.AspNetCore.Mvc.ModelBinding.Binders.ComplexObjectModelBinder configured with duplicate output to target: FileTarget(Name=allfile). LoggingRule with NamePattern='*' and Level=Error has been skipped.
2026-09-10 08:03:12.1638 Warn Logger: BlogApp.Program configured with duplicate output to target: FileTarget(Name=allfile). LoggingRule with NamePattern='*' and Level=Error has been skipped.
2026-09-10 08:03:12.2592 Warn Logger: BlogApp.Program configured with duplicate output to target: FileTarget(Name=allfile). LoggingRule with NamePattern='*' and Level=Error has been skipped.
2026-09-10 08:03:12.2592 Warn Logger: Microsoft.Extensions.Hosting.Internal.ApplicationLifetime configured with duplicate output to target: FileTarget(Name=allfile). LoggingRule with NamePattern='*' and Level=Error has been skipped.
2026-09-10 08:03:12.2680 Warn Logger: Microsoft.Extensions.Hosting.Internal.Host configured with duplicate output to target: FileTarget(Name=allfile). LoggingRule with NamePattern='*' and Level=Error has been skipped.
2026-09-10 08:03:12.2680 Warn Logger: Microsoft.Hosting.Lifetime configured with duplicate output to target: FileTarget(Name=allfile). LoggingRule with NamePattern='*' and Level=Error has been skipped.
2026-09-10 08:03:12.2680 Warn Logger: Microsoft.AspNetCore.Server.Kestrel.Core.KestrelServer configured with duplicate output to target: FileTarget(Name=allfile). LoggingRule with NamePattern='*' and Level=Error has been skipped.
2026-09-10 08:03:12.2680 Warn Logger: Microsoft.AspNetCore.Server.Kestrel.Https.Internal.HttpsConnectionMiddleware configured with duplicate output to target: FileTarget(Name=allfile). LoggingRule with NamePattern='*' and Level=Error has been skipped.
2026-09-10 08:03:12.2680 Warn Logger: Microsoft.AspNetCore.Server.Kestrel.Core.Internal.CertificatePathWatcher configured with duplicate output to target: FileTarget(Name=allfile). LoggingRule with NamePattern='*' and Level=Error has been skipped.
2026-09-10 08:03:12.2680 Warn Logger: Microsoft.AspNetCore.Server.Kestrel configured with duplicate output to target: FileTarget(Name=allfile). LoggingRule with NamePattern='*' and Level=Error has been skipped.
2026-09-10 08:03:12.2680 Warn Logger: Microsoft.AspNetCore.Server.Kestrel.BadRequests configured with duplicate output to target: FileTarget(Name=allfile). LoggingRule with NamePattern='*' and Level=Error has been skipped.
2026-09-10 08:03:12.2680 Warn Logger: Microsoft.AspNetCore.Server.Kestrel.Connections configured with duplicate output to target: FileTarget(Name=allfile). LoggingRule with NamePattern='*' and Level=Error has been skipped.
2026-09-10 08:03:12.2680 Warn Logger: Microsoft.AspNetCore.Server.Kestrel.Http2 configured with duplicate output to target: FileTarget(Name=allfile). LoggingRule with NamePattern='*' and Level=Error has been skipped.
2026-09-10 08:03:12.2680 Warn Logger: Microsoft.AspNetCore.Server.Kestrel.Http3 configured with duplicate output to target: FileTarget(Name=allfile). LoggingRule with NamePattern='*' and Level=Error has been skipped.
2026-09-10 08:03:12.2680 Warn Logger: BlogApp configured with duplicate output to target: FileTarget(Name=allfile). LoggingRule with NamePattern='*' and Level=Error has been skipped.
2026-09-10 08:03:12.3235 Warn Logger: Microsoft.EntityFrameworkCore.Infrastructure configured with duplicate output to target: FileTarget(Name=allfile). LoggingRule with NamePattern='*' and Level=Error has been skipped.
2026-09-10 08:03:12.3497 Warn Logger: Microsoft.EntityFrameworkCore.ChangeTracking configured with duplicate output to target: FileTarget(Name=allfile). LoggingRule with NamePattern='*' and Level=Error has been skipped.
2026-09-10 08:03:12.3497 Warn Logger: Microsoft.EntityFrameworkCore.Database.Command configured with duplicate output to target: FileTarget(Name=allfile). LoggingRule with NamePattern='*' and Level=Error has been skipped.
2026-09-10 08:03:12.3497 Warn Logger: Microsoft.EntityFrameworkCore.Query configured with duplicate output to target: FileTarget(Name=allfile). LoggingRule with NamePattern='*' and Level=Error has been skipped.
2026-09-10 08:03:12.3497 Warn Logger: Microsoft.EntityFrameworkCore.Database.Transaction configured with duplicate output to target: FileTarget(Name=allfile). LoggingRule with NamePattern='*' and Level=Error has been skipped.
2026-09-10 08:03:12.3497 Warn Logger: Microsoft.EntityFrameworkCore.Database.Connection configured with duplicate output to target: FileTarget(Name=allfile). LoggingRule with NamePattern='*' and Level=Error has been skipped.
2026-09-10 08:03:12.3634 Warn Logger: Microsoft.EntityFrameworkCore.Model configured with duplicate output to target: FileTarget(Name=allfile). LoggingRule with NamePattern='*' and Level=Error has been skipped.
2026-09-10 08:03:12.3634 Warn Logger: Microsoft.EntityFrameworkCore.Model.Validation configured with duplicate output to target: FileTarget(Name=allfile). LoggingRule with NamePattern='*' and Level=Error has been skipped.
2026-09-10 08:03:12.7136 Warn Logger: Microsoft.EntityFrameworkCore.Update configured with duplicate output to target: FileTarget(Name=allfile). LoggingRule with NamePattern='*' and Level=Error has been skipped.
2026-09-10 08:03:12.7136 Warn Logger: Microsoft.EntityFrameworkCore.Migrations configured with duplicate output to target: FileTarget(Name=allfile). LoggingRule with NamePattern='*' and Level=Error has been skipped.
2026-09-10 08:03:12.7794 Warn Logger: Microsoft.AspNetCore.Identity.RoleManager configured with duplicate output to target: FileTarget(Name=allfile). LoggingRule with NamePattern='*' and Level=Error has been skipped.
2026-09-10 08:03:12.7794 Warn Logger: Microsoft.AspNetCore.Identity.UserManager configured with duplicate output to target: FileTarget(Name=allfile). LoggingRule with NamePattern='*' and Level=Error has been skipped.
2026-09-10 08:03:12.7825 Warn Logger: Microsoft.AspNetCore.DataProtection.TypeForwardingActivator configured with duplicate output to target: FileTarget(Name=allfile). LoggingRule with NamePattern='*' and Level=Error has been skipped.
2026-09-10 08:03:12.7825 Warn Logger: Microsoft.AspNetCore.DataProtection.KeyManagement.XmlKeyManager configured with duplicate output to target: FileTarget(Name=allfile). LoggingRule with NamePattern='*' and Level=Error has been skipped.
2026-09-10 08:03:12.7825 Warn Logger: Microsoft.AspNetCore.DataProtection.AuthenticatedEncryption.CngGcmAuthenticatedEncryptorFactory configured with duplicate output to target: FileTarget(Name=allfile). LoggingRule with NamePattern='*' and Level=Error has been skipped.
2026-09-10 08:03:12.7825 Warn Logger: Microsoft.AspNetCore.DataProtection.AuthenticatedEncryption.CngCbcAuthenticatedEncryptorFactory configured with duplicate output to target: FileTarget(Name=allfile). LoggingRule with NamePattern='*' and Level=Error has been skipped.
2026-09-10 08:03:12.7825 Warn Logger: Microsoft.AspNetCore.DataProtection.AuthenticatedEncryption.ManagedAuthenticatedEncryptorFactory configured with duplicate output to target: FileTarget(Name=allfile). LoggingRule with NamePattern='*' and Level=Error has been skipped.
2026-09-10 08:03:12.7825 Warn Logger: Microsoft.AspNetCore.DataProtection.XmlEncryption.DpapiXmlEncryptor configured with duplicate output to target: FileTarget(Name=allfile). LoggingRule with NamePattern='*' and Level=Error has been skipped.
2026-09-10 08:03:12.7825 Warn Logger: Microsoft.AspNetCore.DataProtection.Repositories.FileSystemXmlRepository configured with duplicate output to target: FileTarget(Name=allfile). LoggingRule with NamePattern='*' and Level=Error has been skipped.
2026-09-10 08:03:12.7825 Warn Logger: Microsoft.AspNetCore.DataProtection.KeyManagement.DefaultKeyResolver configured with duplicate output to target: FileTarget(Name=allfile). LoggingRule with NamePattern='*' and Level=Error has been skipped.
2026-09-10 08:03:12.7825 Warn Logger: Microsoft.AspNetCore.DataProtection.KeyManagement.KeyRingProvider configured with duplicate output to target: FileTarget(Name=allfile). LoggingRule with NamePattern='*' and Level=Error has been skipped.
2026-09-10 08:03:12.7825 Warn Logger: Microsoft.AspNetCore.DataProtection.KeyManagement.KeyRingBasedDataProtector configured with duplicate output to target: FileTarget(Name=allfile). LoggingRule with NamePattern='*' and Level=Error has been skipped.
2026-09-10 08:03:12.7825 Warn Logger: Microsoft.AspNetCore.Identity.DataProtectorTokenProvider configured with duplicate output to target: FileTarget(Name=allfile). LoggingRule with NamePattern='*' and Level=Error has been skipped.
2026-09-10 08:03:13.0181 Warn Logger: Microsoft.AspNetCore.Mvc.Formatters.SystemTextJsonInputFormatter configured with duplicate output to target: FileTarget(Name=allfile). LoggingRule with NamePattern='*' and Level=Error has been skipped.
2026-09-10 08:03:13.0360 Warn Logger: Microsoft.AspNetCore.Mvc.Core.Filters.AntiforgeryMiddlewareAuthorizationFilter configured with duplicate output to target: FileTarget(Name=allfile). LoggingRule with NamePattern='*' and Level=Error has been skipped.
2026-09-10 08:03:13.0360 Warn Logger: Microsoft.AspNetCore.Mvc.Razor.Compilation.DefaultViewCompiler configured with duplicate output to target: FileTarget(Name=allfile). LoggingRule with NamePattern='*' and Level=Error has been skipped.
2026-09-10 08:03:13.0360 Warn Logger: Microsoft.AspNetCore.Mvc.Razor.RazorViewEngine configured with duplicate output to target: FileTarget(Name=allfile). LoggingRule with NamePattern='*' and Level=Error has been skipped.
2026-09-10 08:03:13.0360 Warn Logger: Microsoft.AspNetCore.Mvc.Infrastructure.DefaultActionDescriptorCollectionProvider configured with duplicate output to target: FileTarget(Name=allfile). LoggingRule with NamePattern='*' and Level=Error has been skipped.
2026-09-10 08:03:13.0360 Warn Logger: Microsoft.AspNetCore.Mvc.ModelBinding.ModelBinderFactory configured with duplicate output to target: FileTarget(Name=allfile). LoggingRule with NamePattern='*' and Level=Error has been skipped.
2026-09-10 08:03:13.0360 Warn Logger: Microsoft.AspNetCore.Mvc.ModelBinding.ParameterBinder configured with duplicate output to target: FileTarget(Name=allfile). LoggingRule with NamePattern='*' and Level=Error has been skipped.
2026-09-10 08:03:13.0360 Warn Logger: Microsoft.AspNetCore.Mvc.Infrastructure.ControllerActionInvoker configured with duplicate output to target: FileTarget(Name=allfile). LoggingRule with NamePattern='*' and Level=Error has been skipped.
2026-09-10 08:03:13.0701 Warn Logger: Microsoft.AspNetCore.DataProtection.Internal.DataProtectionHostedService configured with duplicate output to target: FileTarget(Name=allfile). LoggingRule with NamePattern='*' and Level=Error has been skipped.
2026-09-10 08:03:13.0701 Warn Logger: Microsoft.AspNetCore.Hosting.Diagnostics configured with duplicate output to target: FileTarget(Name=allfile). LoggingRule with NamePattern='*' and Level=Error has been skipped.
2026-09-10 08:03:13.0877 Warn Logger: Microsoft.AspNetCore.DataProtection.XmlEncryption.DpapiXmlDecryptor configured with duplicate output to target: FileTarget(Name=allfile). LoggingRule with NamePattern='*' and Level=Error has been skipped.
2026-09-10 08:03:13.0877 Warn Logger: Microsoft.AspNetCore.Watch.BrowserRefresh.BlazorWasmHotReloadMiddleware configured with duplicate output to target: FileTarget(Name=allfile). LoggingRule with NamePattern='*' and Level=Error has been skipped.
2026-09-10 08:03:13.0877 Warn Logger: Microsoft.AspNetCore.Watch.BrowserRefresh.BrowserScriptMiddleware configured with duplicate output to target: FileTarget(Name=allfile). LoggingRule with NamePattern='*' and Level=Error has been skipped.
2026-09-10 08:03:13.1018 Warn Logger: Microsoft.AspNetCore.Routing.EndpointMiddleware configured with duplicate output to target: FileTarget(Name=allfile). LoggingRule with NamePattern='*' and Level=Error has been skipped.
2026-09-10 08:03:13.1018 Warn Logger: Microsoft.AspNetCore.Authorization.AuthorizationMiddleware configured with duplicate output to target: FileTarget(Name=allfile). LoggingRule with NamePattern='*' and Level=Error has been skipped.
2026-09-10 08:03:13.1018 Warn Logger: Microsoft.AspNetCore.Routing.EndpointRoutingMiddleware configured with duplicate output to target: FileTarget(Name=allfile). LoggingRule with NamePattern='*' and Level=Error has been skipped.
2026-09-10 08:03:13.1018 Warn Logger: Microsoft.AspNetCore.StaticFiles.StaticFileMiddleware configured with duplicate output to target: FileTarget(Name=allfile). LoggingRule with NamePattern='*' and Level=Error has been skipped.
2026-09-10 08:03:13.1018 Warn Logger: Microsoft.AspNetCore.HttpsPolicy.HttpsRedirectionMiddleware configured with duplicate output to target: FileTarget(Name=allfile). LoggingRule with NamePattern='*' and Level=Error has been skipped.
2026-09-10 08:03:13.1018 Warn Logger: Microsoft.AspNetCore.Diagnostics.ExceptionHandlerMiddleware configured with duplicate output to target: FileTarget(Name=allfile). LoggingRule with NamePattern='*' and Level=Error has been skipped.
2026-09-10 08:03:13.1018 Warn Logger: Microsoft.AspNetCore.Diagnostics.DeveloperExceptionPageMiddleware configured with duplicate output to target: FileTarget(Name=allfile). LoggingRule with NamePattern='*' and Level=Error has been skipped.
2026-09-10 08:03:13.1018 Warn Logger: Microsoft.AspNetCore.HostFiltering.HostFilteringMiddleware configured with duplicate output to target: FileTarget(Name=allfile). LoggingRule with NamePattern='*' and Level=Error has been skipped.
2026-09-10 08:03:13.1018 Warn Logger: Microsoft.WebTools.BrowserLink.Net.BrowserLinkMiddleware configured with duplicate output to target: FileTarget(Name=allfile). LoggingRule with NamePattern='*' and Level=Error has been skipped.
2026-09-10 08:03:13.1129 Warn Logger: Microsoft.WebTools.BrowserLink.Net.VsContentMiddleware configured with duplicate output to target: FileTarget(Name=allfile). LoggingRule with NamePattern='*' and Level=Error has been skipped.
2026-09-10 08:03:13.1129 Warn Logger: Microsoft.AspNetCore.Watch.BrowserRefresh.BrowserRefreshMiddleware configured with duplicate output to target: FileTarget(Name=allfile). LoggingRule with NamePattern='*' and Level=Error has been skipped.
2026-09-10 08:03:13.1592 Warn Logger: Microsoft.AspNetCore.Server.Kestrel.Transport.Sockets configured with duplicate output to target: FileTarget(Name=allfile). LoggingRule with NamePattern='*' and Level=Error has been skipped.
2026-09-10 08:03:21.8851 Warn Logger: Microsoft.AspNetCore.Routing.Matching.DfaMatcher configured with duplicate output to target: FileTarget(Name=allfile). LoggingRule with NamePattern='*' and Level=Error has been skipped.
2026-09-10 08:03:21.8851 Warn Logger: Microsoft.AspNetCore.Authentication.Cookies.CookieAuthenticationHandler configured with duplicate output to target: FileTarget(Name=allfile). LoggingRule with NamePattern='*' and Level=Error has been skipped.
2026-09-10 08:03:21.8935 Warn Logger: Microsoft.AspNetCore.Identity.SignInManager configured with duplicate output to target: FileTarget(Name=allfile). LoggingRule with NamePattern='*' and Level=Error has been skipped.
2026-09-10 08:03:21.8935 Warn Logger: Microsoft.AspNetCore.Identity.SecurityStampValidator configured with duplicate output to target: FileTarget(Name=allfile). LoggingRule with NamePattern='*' and Level=Error has been skipped.
2026-09-10 08:03:21.8935 Warn Logger: Microsoft.AspNetCore.Mvc.ViewFeatures.CookieTempDataProvider configured with duplicate output to target: FileTarget(Name=allfile). LoggingRule with NamePattern='*' and Level=Error has been skipped.
2026-09-10 08:03:21.8935 Warn Logger: BlogApp.Controllers.ArticleController configured with duplicate output to target: FileTarget(Name=allfile). LoggingRule with NamePattern='*' and Level=Error has been skipped.
2026-09-10 08:03:21.9647 Warn Logger: Microsoft.AspNetCore.Mvc.ViewFeatures.ViewResultExecutor configured with duplicate output to target: FileTarget(Name=allfile). LoggingRule with NamePattern='*' and Level=Error has been skipped.
2026-09-10 08:03:21.9724 Warn Logger: Microsoft.AspNetCore.Routing.DefaultLinkGenerator configured with duplicate output to target: FileTarget(Name=allfile). LoggingRule with NamePattern='*' and Level=Error has been skipped.
2026-09-10 08:03:21.9724 Warn Logger: Microsoft.AspNetCore.Mvc.ViewComponents.DefaultViewComponentInvoker configured with duplicate output to target: FileTarget(Name=allfile). LoggingRule with NamePattern='*' and Level=Error has been skipped.
2026-09-10 08:03:21.9724 Warn Logger: Microsoft.AspNetCore.Antiforgery.DefaultAntiforgery configured with duplicate output to target: FileTarget(Name=allfile). LoggingRule with NamePattern='*' and Level=Error has been skipped.
2026-09-10 08:03:22.0113 Warn Logger: Microsoft.AspNetCore.Mvc.Razor.TagHelpers.HeadTagHelper configured with duplicate output to target: FileTarget(Name=allfile). LoggingRule with NamePattern='*' and Level=Error has been skipped.
2026-09-10 08:03:22.0113 Warn Logger: Microsoft.AspNetCore.Mvc.Razor.TagHelpers.BodyTagHelper configured with duplicate output to target: FileTarget(Name=allfile). LoggingRule with NamePattern='*' and Level=Error has been skipped.
2026-09-10 08:03:24.3184 Warn Logger: Microsoft.AspNetCore.Mvc.ViewFeatures.Filters.ValidateAntiforgeryTokenAuthorizationFilter configured with duplicate output to target: FileTarget(Name=allfile). LoggingRule with NamePattern='*' and Level=Error has been skipped.
2026-09-10 08:03:24.3360 Warn Logger: Microsoft.AspNetCore.Mvc.RedirectToActionResult configured with duplicate output to target: FileTarget(Name=allfile). LoggingRule with NamePattern='*' and Level=Error has been skipped.
2026-09-10 08:03:25.2071 Warn Logger: Microsoft.AspNetCore.Mvc.ModelBinding.Binders.SimpleTypeModelBinder configured with duplicate output to target: FileTarget(Name=allfile). LoggingRule with NamePattern='*' and Level=Error has been skipped.
2026-09-10 08:03:32.7847 Warn Logger: Microsoft.AspNetCore.Mvc.ModelBinding.Binders.ComplexObjectModelBinder configured with duplicate output to target: FileTarget(Name=allfile). LoggingRule with NamePattern='*' and Level=Error has been skipped.
2026-09-10 08:03:34.9793 Warn Logger: Microsoft.AspNetCore.Authorization.DefaultAuthorizationService configured with duplicate output to target: FileTarget(Name=allfile). LoggingRule with NamePattern='*' and Level=Error has been skipped.
2026-09-10 08:03:53.0300 Warn Logger: UserActions configured with duplicate output to target: FileTarget(Name=allfile). LoggingRule with NamePattern='*' and Level=Error has been skipped.
2026-09-10 08:06:25.9378 Warn Logger: BlogApp.Program configured with duplicate output to target: FileTarget(Name=allfile). LoggingRule with NamePattern='*' and Level=Error has been skipped.
2026-09-10 08:06:26.0361 Warn Logger: BlogApp.Program configured with duplicate output to target: FileTarget(Name=allfile). LoggingRule with NamePattern='*' and Level=Error has been skipped.
2026-09-10 08:06:26.0361 Warn Logger: Microsoft.Extensions.Hosting.Internal.ApplicationLifetime configured with duplicate output to target: FileTarget(Name=allfile). LoggingRule with NamePattern='*' and Level=Error has been skipped.
2026-09-10 08:06:26.0361 Warn Logger: Microsoft.Extensions.Hosting.Internal.Host configured with duplicate output to target: FileTarget(Name=allfile). LoggingRule with NamePattern='*' and Level=Error has been skipped.
2026-09-10 08:06:26.0361 Warn Logger: Microsoft.Hosting.Lifetime configured with duplicate output to target: FileTarget(Name=allfile). LoggingRule with NamePattern='*' and Level=Error has been skipped.
2026-09-10 08:06:26.0361 Warn Logger: Microsoft.AspNetCore.Server.Kestrel.Core.KestrelServer configured with duplicate output to target: FileTarget(Name=allfile). LoggingRule with NamePattern='*' and Level=Error has been skipped.
2026-09-10 08:06:26.0361 Warn Logger: Microsoft.AspNetCore.Server.Kestrel.Https.Internal.HttpsConnectionMiddleware configured with duplicate output to target: FileTarget(Name=allfile). LoggingRule with NamePattern='*' and Level=Error has been skipped.
2026-09-10 08:06:26.0505 Warn Logger: Microsoft.AspNetCore.Server.Kestrel.Core.Internal.CertificatePathWatcher configured with duplicate output to target: FileTarget(Name=allfile). LoggingRule with NamePattern='*' and Level=Error has been skipped.
2026-09-10 08:06:26.0505 Warn Logger: Microsoft.AspNetCore.Server.Kestrel configured with duplicate output to target: FileTarget(Name=allfile). LoggingRule with NamePattern='*' and Level=Error has been skipped.
2026-09-10 08:06:26.0505 Warn Logger: Microsoft.AspNetCore.Server.Kestrel.BadRequests configured with duplicate output to target: FileTarget(Name=allfile). LoggingRule with NamePattern='*' and Level=Error has been skipped.
2026-09-10 08:06:26.0505 Warn Logger: Microsoft.AspNetCore.Server.Kestrel.Connections configured with duplicate output to target: FileTarget(Name=allfile). LoggingRule with NamePattern='*' and Level=Error has been skipped.
2026-09-10 08:06:26.0505 Warn Logger: Microsoft.AspNetCore.Server.Kestrel.Http2 configured with duplicate output to target: FileTarget(Name=allfile). LoggingRule with NamePattern='*' and Level=Error has been skipped.
2026-09-10 08:06:26.0505 Warn Logger: Microsoft.AspNetCore.Server.Kestrel.Http3 configured with duplicate output to target: FileTarget(Name=allfile). LoggingRule with NamePattern='*' and Level=Error has been skipped.
2026-09-10 08:06:26.0505 Warn Logger: BlogApp configured with duplicate output to target: FileTarget(Name=allfile). LoggingRule with NamePattern='*' and Level=Error has been skipped.
2026-09-10 08:06:26.1006 Warn Logger: Microsoft.EntityFrameworkCore.Infrastructure configured with duplicate output to target: FileTarget(Name=allfile). LoggingRule with NamePattern='*' and Level=Error has been skipped.
2026-09-10 08:06:26.1261 Warn Logger: Microsoft.EntityFrameworkCore.ChangeTracking configured with duplicate output to target: FileTarget(Name=allfile). LoggingRule with NamePattern='*' and Level=Error has been skipped.
2026-09-10 08:06:26.1273 Warn Logger: Microsoft.EntityFrameworkCore.Database.Command configured with duplicate output to target: FileTarget(Name=allfile). LoggingRule with NamePattern='*' and Level=Error has been skipped.
2026-09-10 08:06:26.1273 Warn Logger: Microsoft.EntityFrameworkCore.Query configured with duplicate output to target: FileTarget(Name=allfile). LoggingRule with NamePattern='*' and Level=Error has been skipped.
2026-09-10 08:06:26.1273 Warn Logger: Microsoft.EntityFrameworkCore.Database.Transaction configured with duplicate output to target: FileTarget(Name=allfile). LoggingRule with NamePattern='*' and Level=Error has been skipped.
2026-09-10 08:06:26.1273 Warn Logger: Microsoft.EntityFrameworkCore.Database.Connection configured with duplicate output to target: FileTarget(Name=allfile). LoggingRule with NamePattern='*' and Level=Error has been skipped.
2026-09-10 08:06:26.1273 Warn Logger: Microsoft.EntityFrameworkCore.Model configured with duplicate output to target: FileTarget(Name=allfile). LoggingRule with NamePattern='*' and Level=Error has been skipped.
2026-09-10 08:06:26.1273 Warn Logger: Microsoft.EntityFrameworkCore.Model.Validation configured with duplicate output to target: FileTarget(Name=allfile). LoggingRule with NamePattern='*' and Level=Error has been skipped.
2026-09-10 08:06:26.4660 Warn Logger: Microsoft.EntityFrameworkCore.Update configured with duplicate output to target: FileTarget(Name=allfile). LoggingRule with NamePattern='*' and Level=Error has been skipped.
2026-09-10 08:06:26.4660 Warn Logger: Microsoft.EntityFrameworkCore.Migrations configured with duplicate output to target: FileTarget(Name=allfile). LoggingRule with NamePattern='*' and Level=Error has been skipped.
2026-09-10 08:06:26.5328 Warn Logger: Microsoft.AspNetCore.Identity.RoleManager configured with duplicate output to target: FileTarget(Name=allfile). LoggingRule with NamePattern='*' and Level=Error has been skipped.
2026-09-10 08:06:26.5328 Warn Logger: Microsoft.AspNetCore.Identity.UserManager configured with duplicate output to target: FileTarget(Name=allfile). LoggingRule with NamePattern='*' and Level=Error has been skipped.
2026-09-10 08:06:26.5328 Warn Logger: Microsoft.AspNetCore.DataProtection.TypeForwardingActivator configured with duplicate output to target: FileTarget(Name=allfile). LoggingRule with NamePattern='*' and Level=Error has been skipped.
2026-09-10 08:06:26.5328 Warn Logger: Microsoft.AspNetCore.DataProtection.KeyManagement.XmlKeyManager configured with duplicate output to target: FileTarget(Name=allfile). LoggingRule with NamePattern='*' and Level=Error has been skipped.
2026-09-10 08:06:26.5328 Warn Logger: Microsoft.AspNetCore.DataProtection.AuthenticatedEncryption.CngGcmAuthenticatedEncryptorFactory configured with duplicate output to target: FileTarget(Name=allfile). LoggingRule with NamePattern='*' and Level=Error has been skipped.
2026-09-10 08:06:26.5328 Warn Logger: Microsoft.AspNetCore.DataProtection.AuthenticatedEncryption.CngCbcAuthenticatedEncryptorFactory configured with duplicate output to target: FileTarget(Name=allfile). LoggingRule with NamePattern='*' and Level=Error has been skipped.
2026-09-10 08:06:26.5328 Warn Logger: Microsoft.AspNetCore.DataProtection.AuthenticatedEncryption.ManagedAuthenticatedEncryptorFactory configured with duplicate output to target: FileTarget(Name=allfile). LoggingRule with NamePattern='*' and Level=Error has been skipped.
2026-09-10 08:06:26.5328 Warn Logger: Microsoft.AspNetCore.DataProtection.XmlEncryption.DpapiXmlEncryptor configured with duplicate output to target: FileTarget(Name=allfile). LoggingRule with NamePattern='*' and Level=Error has been skipped.
2026-09-10 08:06:26.5328 Warn Logger: Microsoft.AspNetCore.DataProtection.Repositories.FileSystemXmlRepository configured with duplicate output to target: FileTarget(Name=allfile). LoggingRule with NamePattern='*' and Level=Error has been skipped.
2026-09-10 08:06:26.5485 Warn Logger: Microsoft.AspNetCore.DataProtection.KeyManagement.DefaultKeyResolver configured with duplicate output to target: FileTarget(Name=allfile). LoggingRule with NamePattern='*' and Level=Error has been skipped.
2026-09-10 08:06:26.5485 Warn Logger: Microsoft.AspNetCore.DataProtection.KeyManagement.KeyRingProvider configured with duplicate output to target: FileTarget(Name=allfile). LoggingRule with NamePattern='*' and Level=Error has been skipped.
2026-09-10 08:06:26.5485 Warn Logger: Microsoft.AspNetCore.DataProtection.KeyManagement.KeyRingBasedDataProtector configured with duplicate output to target: FileTarget(Name=allfile). LoggingRule with NamePattern='*' and Level=Error has been skipped.
2026-09-10 08:06:26.5485 Warn Logger: Microsoft.AspNetCore.Identity.DataProtectorTokenProvider configured with duplicate output to target: FileTarget(Name=allfile). LoggingRule with NamePattern='*' and Level=Error has been skipped.
2026-09-10 08:06:26.7678 Warn Logger: Microsoft.AspNetCore.Mvc.Formatters.SystemTextJsonInputFormatter configured with duplicate output to target: FileTarget(Name=allfile). LoggingRule with NamePattern='*' and Level=Error has been skipped.
2026-09-10 08:06:26.7859 Warn Logger: Microsoft.AspNetCore.Mvc.Core.Filters.AntiforgeryMiddlewareAuthorizationFilter configured with duplicate output to target: FileTarget(Name=allfile). LoggingRule with NamePattern='*' and Level=Error has been skipped.
2026-09-10 08:06:26.7859 Warn Logger: Microsoft.AspNetCore.Mvc.Razor.Compilation.DefaultViewCompiler configured with duplicate output to target: FileTarget(Name=allfile). LoggingRule with NamePattern='*' and Level=Error has been skipped.
2026-09-10 08:06:26.7859 Warn Logger: Microsoft.AspNetCore.Mvc.Razor.RazorViewEngine configured with duplicate output to target: FileTarget(Name=allfile). LoggingRule with NamePattern='*' and Level=Error has been skipped.
2026-09-10 08:06:26.7859 Warn Logger: Microsoft.AspNetCore.Mvc.Infrastructure.DefaultActionDescriptorCollectionProvider configured with duplicate output to target: FileTarget(Name=allfile). LoggingRule with NamePattern='*' and Level=Error has been skipped.
2026-09-10 08:06:26.7859 Warn Logger: Microsoft.AspNetCore.Mvc.ModelBinding.ModelBinderFactory configured with duplicate output to target: FileTarget(Name=allfile). LoggingRule with NamePattern='*' and Level=Error has been skipped.
2026-09-10 08:06:26.7859 Warn Logger: Microsoft.AspNetCore.Mvc.ModelBinding.ParameterBinder configured with duplicate output to target: FileTarget(Name=allfile). LoggingRule with NamePattern='*' and Level=Error has been skipped.
2026-09-10 08:06:26.7859 Warn Logger: Microsoft.AspNetCore.Mvc.Infrastructure.ControllerActionInvoker configured with duplicate output to target: FileTarget(Name=allfile). LoggingRule with NamePattern='*' and Level=Error has been skipped.
2026-09-10 08:06:26.8242 Warn Logger: Microsoft.AspNetCore.DataProtection.Internal.DataProtectionHostedService configured with duplicate output to target: FileTarget(Name=allfile). LoggingRule with NamePattern='*' and Level=Error has been skipped.
2026-09-10 08:06:26.8242 Warn Logger: Microsoft.AspNetCore.Hosting.Diagnostics configured with duplicate output to target: FileTarget(Name=allfile). LoggingRule with NamePattern='*' and Level=Error has been skipped.
2026-09-10 08:06:26.8426 Warn Logger: Microsoft.AspNetCore.DataProtection.XmlEncryption.DpapiXmlDecryptor configured with duplicate output to target: FileTarget(Name=allfile). LoggingRule with NamePattern='*' and Level=Error has been skipped.
2026-09-10 08:06:26.8470 Warn Logger: Microsoft.AspNetCore.Watch.BrowserRefresh.BlazorWasmHotReloadMiddleware configured with duplicate output to target: FileTarget(Name=allfile). LoggingRule with NamePattern='*' and Level=Error has been skipped.
2026-09-10 08:06:26.8470 Warn Logger: Microsoft.AspNetCore.Watch.BrowserRefresh.BrowserScriptMiddleware configured with duplicate output to target: FileTarget(Name=allfile). LoggingRule with NamePattern='*' and Level=Error has been skipped.
2026-09-10 08:06:26.8470 Warn Logger: Microsoft.AspNetCore.Routing.EndpointMiddleware configured with duplicate output to target: FileTarget(Name=allfile). LoggingRule with NamePattern='*' and Level=Error has been skipped.
2026-09-10 08:06:26.8470 Warn Logger: Microsoft.AspNetCore.Authorization.AuthorizationMiddleware configured with duplicate output to target: FileTarget(Name=allfile). LoggingRule with NamePattern='*' and Level=Error has been skipped.
2026-09-10 08:06:26.8633 Warn Logger: Microsoft.AspNetCore.Routing.EndpointRoutingMiddleware configured with duplicate output to target: FileTarget(Name=allfile). LoggingRule with NamePattern='*' and Level=Error has been skipped.
2026-09-10 08:06:26.8633 Warn Logger: Microsoft.AspNetCore.StaticFiles.StaticFileMiddleware configured with duplicate output to target: FileTarget(Name=allfile). LoggingRule with NamePattern='*' and Level=Error has been skipped.
2026-09-10 08:06:26.8633 Warn Logger: Microsoft.AspNetCore.HttpsPolicy.HttpsRedirectionMiddleware configured with duplicate output to target: FileTarget(Name=allfile). LoggingRule with NamePattern='*' and Level=Error has been skipped.
2026-09-10 08:06:26.8633 Warn Logger: Microsoft.AspNetCore.Diagnostics.ExceptionHandlerMiddleware configured with duplicate output to target: FileTarget(Name=allfile). LoggingRule with NamePattern='*' and Level=Error has been skipped.
2026-09-10 08:06:26.8633 Warn Logger: Microsoft.AspNetCore.Diagnostics.DeveloperExceptionPageMiddleware configured with duplicate output to target: FileTarget(Name=allfile). LoggingRule with NamePattern='*' and Level=Error has been skipped.
2026-09-10 08:06:26.8633 Warn Logger: Microsoft.AspNetCore.HostFiltering.HostFilteringMiddleware configured with duplicate output to target: FileTarget(Name=allfile). LoggingRule with NamePattern='*' and Level=Error has been skipped.
2026-09-10 08:06:26.8633 Warn Logger: Microsoft.WebTools.BrowserLink.Net.BrowserLinkMiddleware configured with duplicate output to target: FileTarget(Name=allfile). LoggingRule with NamePattern='*' and Level=Error has been skipped.
2026-09-10 08:06:26.8633 Warn Logger: Microsoft.WebTools.BrowserLink.Net.VsContentMiddleware configured with duplicate output to target: FileTarget(Name=allfile). LoggingRule with NamePattern='*' and Level=Error has been skipped.
2026-09-10 08:06:26.8633 Warn Logger: Microsoft.AspNetCore.Watch.BrowserRefresh.BrowserRefreshMiddleware configured with duplicate output to target: FileTarget(Name=allfile). LoggingRule with NamePattern='*' and Level=Error has been skipped.
2026-09-10 08:06:26.9241 Warn Logger: Microsoft.AspNetCore.Server.Kestrel.Transport.Sockets configured with duplicate output to target: FileTarget(Name=allfile). LoggingRule with NamePattern='*' and Level=Error has been skipped.
2026-09-10 08:06:27.6772 Warn Logger: Microsoft.AspNetCore.Routing.Matching.DfaMatcher configured with duplicate output to target: FileTarget(Name=allfile). LoggingRule with NamePattern='*' and Level=Error has been skipped.
2026-09-10 08:06:27.6772 Warn Logger: Microsoft.AspNetCore.Authentication.Cookies.CookieAuthenticationHandler configured with duplicate output to target: FileTarget(Name=allfile). LoggingRule with NamePattern='*' and Level=Error has been skipped.
2026-09-10 08:06:27.6772 Warn Logger: Microsoft.AspNetCore.Mvc.ViewFeatures.CookieTempDataProvider configured with duplicate output to target: FileTarget(Name=allfile). LoggingRule with NamePattern='*' and Level=Error has been skipped.
2026-09-10 08:06:27.6942 Warn Logger: BlogApp.Controllers.ArticleController configured with duplicate output to target: FileTarget(Name=allfile). LoggingRule with NamePattern='*' and Level=Error has been skipped.
2026-09-10 08:06:27.7827 Warn Logger: Microsoft.AspNetCore.Mvc.ViewFeatures.ViewResultExecutor configured with duplicate output to target: FileTarget(Name=allfile). LoggingRule with NamePattern='*' and Level=Error has been skipped.
2026-09-10 08:06:27.7856 Warn Logger: Microsoft.AspNetCore.Routing.DefaultLinkGenerator configured with duplicate output to target: FileTarget(Name=allfile). LoggingRule with NamePattern='*' and Level=Error has been skipped.
2026-09-10 08:06:27.7856 Warn Logger: Microsoft.AspNetCore.Mvc.ViewComponents.DefaultViewComponentInvoker configured with duplicate output to target: FileTarget(Name=allfile). LoggingRule with NamePattern='*' and Level=Error has been skipped.
2026-09-10 08:06:27.7856 Warn Logger: Microsoft.AspNetCore.Antiforgery.DefaultAntiforgery configured with duplicate output to target: FileTarget(Name=allfile). LoggingRule with NamePattern='*' and Level=Error has been skipped.
2026-09-10 08:06:27.8320 Warn Logger: Microsoft.AspNetCore.Mvc.Razor.TagHelpers.HeadTagHelper configured with duplicate output to target: FileTarget(Name=allfile). LoggingRule with NamePattern='*' and Level=Error has been skipped.
2026-09-10 08:06:27.8320 Warn Logger: Microsoft.AspNetCore.Mvc.Razor.TagHelpers.BodyTagHelper configured with duplicate output to target: FileTarget(Name=allfile). LoggingRule with NamePattern='*' and Level=Error has been skipped.
2026-09-10 08:06:29.6951 Warn Logger: Microsoft.AspNetCore.Mvc.ModelBinding.Binders.SimpleTypeModelBinder configured with duplicate output to target: FileTarget(Name=allfile). LoggingRule with NamePattern='*' and Level=Error has been skipped.
2026-09-10 08:06:29.7052 Warn Logger: Microsoft.AspNetCore.Identity.SignInManager configured with duplicate output to target: FileTarget(Name=allfile). LoggingRule with NamePattern='*' and Level=Error has been skipped.
2026-09-10 08:06:29.7052 Warn Logger: BlogApp.Controllers.AccountController configured with duplicate output to target: FileTarget(Name=allfile). LoggingRule with NamePattern='*' and Level=Error has been skipped.
2026-09-10 08:06:39.6353 Warn Logger: Microsoft.AspNetCore.Mvc.ViewFeatures.Filters.ValidateAntiforgeryTokenAuthorizationFilter configured with duplicate output to target: FileTarget(Name=allfile). LoggingRule with NamePattern='*' and Level=Error has been skipped.
2026-09-10 08:06:39.6441 Warn Logger: Microsoft.AspNetCore.Mvc.ModelBinding.Binders.ComplexObjectModelBinder configured with duplicate output to target: FileTarget(Name=allfile). LoggingRule with NamePattern='*' and Level=Error has been skipped.
2026-09-10 08:06:39.7845 Warn Logger: UserActions configured with duplicate output to target: FileTarget(Name=allfile). LoggingRule with NamePattern='*' and Level=Error has been skipped.
2026-09-10 08:06:39.7845 Warn Logger: Microsoft.AspNetCore.Mvc.RedirectToActionResult configured with duplicate output to target: FileTarget(Name=allfile). LoggingRule with NamePattern='*' and Level=Error has been skipped.
2026-09-10 08:06:39.8078 Warn Logger: Microsoft.AspNetCore.Identity.SecurityStampValidator configured with duplicate output to target: FileTarget(Name=allfile). LoggingRule with NamePattern='*' and Level=Error has been skipped.
2026-09-10 08:14:37.2535 Warn Logger: BlogApp.Program configured with duplicate output to target: FileTarget(Name=allfile). LoggingRule with NamePattern='*' and Level=Error has been skipped.
2026-09-10 08:14:37.3589 Warn Logger: BlogApp.Program configured with duplicate output to target: FileTarget(Name=allfile). LoggingRule with NamePattern='*' and Level=Error has been skipped.
2026-09-10 08:14:37.3669 Warn Logger: Microsoft.Extensions.Hosting.Internal.ApplicationLifetime configured with duplicate output to target: FileTarget(Name=allfile). LoggingRule with NamePattern='*' and Level=Error has been skipped.
2026-09-10 08:14:37.3669 Warn Logger: Microsoft.Extensions.Hosting.Internal.Host configured with duplicate output to target: FileTarget(Name=allfile). LoggingRule with NamePattern='*' and Level=Error has been skipped.
2026-09-10 08:14:37.3669 Warn Logger: Microsoft.Hosting.Lifetime configured with duplicate output to target: FileTarget(Name=allfile). LoggingRule with NamePattern='*' and Level=Error has been skipped.
2026-09-10 08:14:37.3669 Warn Logger: Microsoft.AspNetCore.Server.Kestrel.Core.KestrelServer configured with duplicate output to target: FileTarget(Name=allfile). LoggingRule with NamePattern='*' and Level=Error has been skipped.
2026-09-10 08:14:37.3669 Warn Logger: Microsoft.AspNetCore.Server.Kestrel.Https.Internal.HttpsConnectionMiddleware configured with duplicate output to target: FileTarget(Name=allfile). LoggingRule with NamePattern='*' and Level=Error has been skipped.
2026-09-10 08:14:37.3669 Warn Logger: Microsoft.AspNetCore.Server.Kestrel.Core.Internal.CertificatePathWatcher configured with duplicate output to target: FileTarget(Name=allfile). LoggingRule with NamePattern='*' and Level=Error has been skipped.
2026-09-10 08:14:37.3669 Warn Logger: Microsoft.AspNetCore.Server.Kestrel configured with duplicate output to target: FileTarget(Name=allfile). LoggingRule with NamePattern='*' and Level=Error has been skipped.
2026-09-10 08:14:37.3669 Warn Logger: Microsoft.AspNetCore.Server.Kestrel.BadRequests configured with duplicate output to target: FileTarget(Name=allfile). LoggingRule with NamePattern='*' and Level=Error has been skipped.
2026-09-10 08:14:37.3669 Warn Logger: Microsoft.AspNetCore.Server.Kestrel.Connections configured with duplicate output to target: FileTarget(Name=allfile). LoggingRule with NamePattern='*' and Level=Error has been skipped.
2026-09-10 08:14:37.3669 Warn Logger: Microsoft.AspNetCore.Server.Kestrel.Http2 configured with duplicate output to target: FileTarget(Name=allfile). LoggingRule with NamePattern='*' and Level=Error has been skipped.
2026-09-10 08:14:37.3669 Warn Logger: Microsoft.AspNetCore.Server.Kestrel.Http3 configured with duplicate output to target: FileTarget(Name=allfile). LoggingRule with NamePattern='*' and Level=Error has been skipped.
2026-09-10 08:14:37.3769 Warn Logger: BlogApp configured with duplicate output to target: FileTarget(Name=allfile). LoggingRule with NamePattern='*' and Level=Error has been skipped.
2026-09-10 08:14:37.4498 Warn Logger: Microsoft.EntityFrameworkCore.Infrastructure configured with duplicate output to target: FileTarget(Name=allfile). LoggingRule with NamePattern='*' and Level=Error has been skipped.
2026-09-10 08:14:37.4798 Warn Logger: Microsoft.EntityFrameworkCore.ChangeTracking configured with duplicate output to target: FileTarget(Name=allfile). LoggingRule with NamePattern='*' and Level=Error has been skipped.
2026-09-10 08:14:37.4798 Warn Logger: Microsoft.EntityFrameworkCore.Database.Command configured with duplicate output to target: FileTarget(Name=allfile). LoggingRule with NamePattern='*' and Level=Error has been skipped.
2026-09-10 08:14:37.4798 Warn Logger: Microsoft.EntityFrameworkCore.Query configured with duplicate output to target: FileTarget(Name=allfile). LoggingRule with NamePattern='*' and Level=Error has been skipped.
2026-09-10 08:14:37.4798 Warn Logger: Microsoft.EntityFrameworkCore.Database.Transaction configured with duplicate output to target: FileTarget(Name=allfile). LoggingRule with NamePattern='*' and Level=Error has been skipped.
2026-09-10 08:14:37.4798 Warn Logger: Microsoft.EntityFrameworkCore.Database.Connection configured with duplicate output to target: FileTarget(Name=allfile). LoggingRule with NamePattern='*' and Level=Error has been skipped.
2026-09-10 08:14:37.4992 Warn Logger: Microsoft.EntityFrameworkCore.Model configured with duplicate output to target: FileTarget(Name=allfile). LoggingRule with NamePattern='*' and Level=Error has been skipped.
2026-09-10 08:14:37.4992 Warn Logger: Microsoft.EntityFrameworkCore.Model.Validation configured with duplicate output to target: FileTarget(Name=allfile). LoggingRule with NamePattern='*' and Level=Error has been skipped.
2026-09-10 08:14:37.8684 Warn Logger: Microsoft.EntityFrameworkCore.Update configured with duplicate output to target: FileTarget(Name=allfile). LoggingRule with NamePattern='*' and Level=Error has been skipped.
2026-09-10 08:14:37.8684 Warn Logger: Microsoft.EntityFrameworkCore.Migrations configured with duplicate output to target: FileTarget(Name=allfile). LoggingRule with NamePattern='*' and Level=Error has been skipped.
2026-09-10 08:14:37.9496 Warn Logger: Microsoft.AspNetCore.Identity.RoleManager configured with duplicate output to target: FileTarget(Name=allfile). LoggingRule with NamePattern='*' and Level=Error has been skipped.
2026-09-10 08:14:37.9496 Warn Logger: Microsoft.AspNetCore.Identity.UserManager configured with duplicate output to target: FileTarget(Name=allfile). LoggingRule with NamePattern='*' and Level=Error has been skipped.
2026-09-10 08:14:37.9496 Warn Logger: Microsoft.AspNetCore.DataProtection.TypeForwardingActivator configured with duplicate output to target: FileTarget(Name=allfile). LoggingRule with NamePattern='*' and Level=Error has been skipped.
2026-09-10 08:14:37.9496 Warn Logger: Microsoft.AspNetCore.DataProtection.KeyManagement.XmlKeyManager configured with duplicate output to target: FileTarget(Name=allfile). LoggingRule with NamePattern='*' and Level=Error has been skipped.
2026-09-10 08:14:37.9496 Warn Logger: Microsoft.AspNetCore.DataProtection.AuthenticatedEncryption.CngGcmAuthenticatedEncryptorFactory configured with duplicate output to target: FileTarget(Name=allfile). LoggingRule with NamePattern='*' and Level=Error has been skipped.
2026-09-10 08:14:37.9546 Warn Logger: Microsoft.AspNetCore.DataProtection.AuthenticatedEncryption.CngCbcAuthenticatedEncryptorFactory configured with duplicate output to target: FileTarget(Name=allfile). LoggingRule with NamePattern='*' and Level=Error has been skipped.
2026-09-10 08:14:37.9546 Warn Logger: Microsoft.AspNetCore.DataProtection.AuthenticatedEncryption.ManagedAuthenticatedEncryptorFactory configured with duplicate output to target: FileTarget(Name=allfile). LoggingRule with NamePattern='*' and Level=Error has been skipped.
2026-09-10 08:14:37.9546 Warn Logger: Microsoft.AspNetCore.DataProtection.XmlEncryption.DpapiXmlEncryptor configured with duplicate output to target: FileTarget(Name=allfile). LoggingRule with NamePattern='*' and Level=Error has been skipped.
2026-09-10 08:14:37.9546 Warn Logger: Microsoft.AspNetCore.DataProtection.Repositories.FileSystemXmlRepository configured with duplicate output to target: FileTarget(Name=allfile). LoggingRule with NamePattern='*' and Level=Error has been skipped.
2026-09-10 08:14:37.9546 Warn Logger: Microsoft.AspNetCore.DataProtection.KeyManagement.DefaultKeyResolver configured with duplicate output to target: FileTarget(Name=allfile). LoggingRule with NamePattern='*' and Level=Error has been skipped.
2026-09-10 08:14:37.9546 Warn Logger: Microsoft.AspNetCore.DataProtection.KeyManagement.KeyRingProvider configured with duplicate output to target: FileTarget(Name=allfile). LoggingRule with NamePattern='*' and Level=Error has been skipped.
2026-09-10 08:14:37.9546 Warn Logger: Microsoft.AspNetCore.DataProtection.KeyManagement.KeyRingBasedDataProtector configured with duplicate output to target: FileTarget(Name=allfile). LoggingRule with NamePattern='*' and Level=Error has been skipped.
2026-09-10 08:14:37.9546 Warn Logger: Microsoft.AspNetCore.Identity.DataProtectorTokenProvider configured with duplicate output to target: FileTarget(Name=allfile). LoggingRule with NamePattern='*' and Level=Error has been skipped.
2026-09-10 08:14:38.1935 Warn Logger: Microsoft.AspNetCore.Mvc.Formatters.SystemTextJsonInputFormatter configured with duplicate output to target: FileTarget(Name=allfile). LoggingRule with NamePattern='*' and Level=Error has been skipped.
2026-09-10 08:14:38.1935 Warn Logger: Microsoft.AspNetCore.Mvc.Core.Filters.AntiforgeryMiddlewareAuthorizationFilter configured with duplicate output to target: FileTarget(Name=allfile). LoggingRule with NamePattern='*' and Level=Error has been skipped.
2026-09-10 08:14:38.1935 Warn Logger: Microsoft.AspNetCore.Mvc.Razor.Compilation.DefaultViewCompiler configured with duplicate output to target: FileTarget(Name=allfile). LoggingRule with NamePattern='*' and Level=Error has been skipped.
2026-09-10 08:14:38.2056 Warn Logger: Microsoft.AspNetCore.Mvc.Razor.RazorViewEngine configured with duplicate output to target: FileTarget(Name=allfile). LoggingRule with NamePattern='*' and Level=Error has been skipped.
2026-09-10 08:14:38.2056 Warn Logger: Microsoft.AspNetCore.Mvc.Infrastructure.DefaultActionDescriptorCollectionProvider configured with duplicate output to target: FileTarget(Name=allfile). LoggingRule with NamePattern='*' and Level=Error has been skipped.
2026-09-10 08:14:38.2056 Warn Logger: Microsoft.AspNetCore.Mvc.ModelBinding.ModelBinderFactory configured with duplicate output to target: FileTarget(Name=allfile). LoggingRule with NamePattern='*' and Level=Error has been skipped.
2026-09-10 08:14:38.2056 Warn Logger: Microsoft.AspNetCore.Mvc.ModelBinding.ParameterBinder configured with duplicate output to target: FileTarget(Name=allfile). LoggingRule with NamePattern='*' and Level=Error has been skipped.
2026-09-10 08:14:38.2056 Warn Logger: Microsoft.AspNetCore.Mvc.Infrastructure.ControllerActionInvoker configured with duplicate output to target: FileTarget(Name=allfile). LoggingRule with NamePattern='*' and Level=Error has been skipped.
2026-09-10 08:14:38.2330 Warn Logger: Microsoft.AspNetCore.DataProtection.Internal.DataProtectionHostedService configured with duplicate output to target: FileTarget(Name=allfile). LoggingRule with NamePattern='*' and Level=Error has been skipped.
2026-09-10 08:14:38.2330 Warn Logger: Microsoft.AspNetCore.Hosting.Diagnostics configured with duplicate output to target: FileTarget(Name=allfile). LoggingRule with NamePattern='*' and Level=Error has been skipped.
2026-09-10 08:14:38.2486 Warn Logger: Microsoft.AspNetCore.DataProtection.XmlEncryption.DpapiXmlDecryptor configured with duplicate output to target: FileTarget(Name=allfile). LoggingRule with NamePattern='*' and Level=Error has been skipped.
2026-09-10 08:14:38.2531 Warn Logger: Microsoft.AspNetCore.Watch.BrowserRefresh.BlazorWasmHotReloadMiddleware configured with duplicate output to target: FileTarget(Name=allfile). LoggingRule with NamePattern='*' and Level=Error has been skipped.
2026-09-10 08:14:38.2531 Warn Logger: Microsoft.AspNetCore.Watch.BrowserRefresh.BrowserScriptMiddleware configured with duplicate output to target: FileTarget(Name=allfile). LoggingRule with NamePattern='*' and Level=Error has been skipped.
2026-09-10 08:14:38.2531 Warn Logger: Microsoft.AspNetCore.Routing.EndpointMiddleware configured with duplicate output to target: FileTarget(Name=allfile). LoggingRule with NamePattern='*' and Level=Error has been skipped.
2026-09-10 08:14:38.2531 Warn Logger: Microsoft.AspNetCore.Authorization.AuthorizationMiddleware configured with duplicate output to target: FileTarget(Name=allfile). LoggingRule with NamePattern='*' and Level=Error has been skipped.
2026-09-10 08:14:38.2678 Warn Logger: Microsoft.AspNetCore.Routing.EndpointRoutingMiddleware configured with duplicate output to target: FileTarget(Name=allfile). LoggingRule with NamePattern='*' and Level=Error has been skipped.
2026-09-10 08:14:38.2678 Warn Logger: Microsoft.AspNetCore.StaticFiles.StaticFileMiddleware configured with duplicate output to target: FileTarget(Name=allfile). LoggingRule with NamePattern='*' and Level=Error has been skipped.
2026-09-10 08:14:38.2678 Warn Logger: Microsoft.AspNetCore.HttpsPolicy.HttpsRedirectionMiddleware configured with duplicate output to target: FileTarget(Name=allfile). LoggingRule with NamePattern='*' and Level=Error has been skipped.
2026-09-10 08:14:38.2678 Warn Logger: Microsoft.AspNetCore.Diagnostics.ExceptionHandlerMiddleware configured with duplicate output to target: FileTarget(Name=allfile). LoggingRule with NamePattern='*' and Level=Error has been skipped.
2026-09-10 08:14:38.2678 Warn Logger: Microsoft.AspNetCore.Diagnostics.DeveloperExceptionPageMiddleware configured with duplicate output to target: FileTarget(Name=allfile). LoggingRule with NamePattern='*' and Level=Error has been skipped.
2026-09-10 08:14:38.2678 Warn Logger: Microsoft.AspNetCore.HostFiltering.HostFilteringMiddleware configured with duplicate output to target: FileTarget(Name=allfile). LoggingRule with NamePattern='*' and Level=Error has been skipped.
2026-09-10 08:14:38.2678 Warn Logger: Microsoft.WebTools.BrowserLink.Net.BrowserLinkMiddleware configured with duplicate output to target: FileTarget(Name=allfile). LoggingRule with NamePattern='*' and Level=Error has been skipped.
2026-09-10 08:14:38.2678 Warn Logger: Microsoft.WebTools.BrowserLink.Net.VsContentMiddleware configured with duplicate output to target: FileTarget(Name=allfile). LoggingRule with NamePattern='*' and Level=Error has been skipped.
2026-09-10 08:14:38.2678 Warn Logger: Microsoft.AspNetCore.Watch.BrowserRefresh.BrowserRefreshMiddleware configured with duplicate output to target: FileTarget(Name=allfile). LoggingRule with NamePattern='*' and Level=Error has been skipped.
2026-09-10 08:14:38.3233 Warn Logger: Microsoft.AspNetCore.Server.Kestrel.Transport.Sockets configured with duplicate output to target: FileTarget(Name=allfile). LoggingRule with NamePattern='*' and Level=Error has been skipped.
2026-09-10 08:14:38.9354 Warn Logger: Microsoft.AspNetCore.Routing.Matching.DfaMatcher configured with duplicate output to target: FileTarget(Name=allfile). LoggingRule with NamePattern='*' and Level=Error has been skipped.
2026-09-10 08:14:38.9354 Warn Logger: Microsoft.AspNetCore.Authentication.Cookies.CookieAuthenticationHandler configured with duplicate output to target: FileTarget(Name=allfile). LoggingRule with NamePattern='*' and Level=Error has been skipped.
2026-09-10 08:14:38.9422 Warn Logger: Microsoft.AspNetCore.Mvc.ViewFeatures.CookieTempDataProvider configured with duplicate output to target: FileTarget(Name=allfile). LoggingRule with NamePattern='*' and Level=Error has been skipped.
2026-09-10 08:14:38.9422 Warn Logger: BlogApp.Controllers.ArticleController configured with duplicate output to target: FileTarget(Name=allfile). LoggingRule with NamePattern='*' and Level=Error has been skipped.
2026-09-10 08:14:39.0374 Warn Logger: Microsoft.AspNetCore.Mvc.ViewFeatures.ViewResultExecutor configured with duplicate output to target: FileTarget(Name=allfile). LoggingRule with NamePattern='*' and Level=Error has been skipped.
2026-09-10 08:14:39.0374 Warn Logger: Microsoft.AspNetCore.Routing.DefaultLinkGenerator configured with duplicate output to target: FileTarget(Name=allfile). LoggingRule with NamePattern='*' and Level=Error has been skipped.
2026-09-10 08:14:39.0374 Warn Logger: Microsoft.AspNetCore.Mvc.ViewComponents.DefaultViewComponentInvoker configured with duplicate output to target: FileTarget(Name=allfile). LoggingRule with NamePattern='*' and Level=Error has been skipped.
2026-09-10 08:14:39.0374 Warn Logger: Microsoft.AspNetCore.Antiforgery.DefaultAntiforgery configured with duplicate output to target: FileTarget(Name=allfile). LoggingRule with NamePattern='*' and Level=Error has been skipped.
2026-09-10 08:14:39.0919 Warn Logger: Microsoft.AspNetCore.Mvc.Razor.TagHelpers.HeadTagHelper configured with duplicate output to target: FileTarget(Name=allfile). LoggingRule with NamePattern='*' and Level=Error has been skipped.
2026-09-10 08:14:39.0957 Warn Logger: Microsoft.AspNetCore.Mvc.Razor.TagHelpers.BodyTagHelper configured with duplicate output to target: FileTarget(Name=allfile). LoggingRule with NamePattern='*' and Level=Error has been skipped.
2026-09-10 08:14:47.6737 Warn Logger: GlobalExceptionHandler configured with duplicate output to target: FileTarget(Name=allfile). LoggingRule with NamePattern='*' and Level=Error has been skipped.
2026-09-10 08:14:47.6911 Warn Logger: Microsoft.AspNetCore.Mvc.Filters.ResponseCacheFilter configured with duplicate output to target: FileTarget(Name=allfile). LoggingRule with NamePattern='*' and Level=Error has been skipped.
2026-09-10 08:18:59.6350 Warn Logger: BlogApp.Program configured with duplicate output to target: FileTarget(Name=allfile). LoggingRule with NamePattern='*' and Level=Error has been skipped.
2026-09-10 08:18:59.7323 Warn Logger: BlogApp.Program configured with duplicate output to target: FileTarget(Name=allfile). LoggingRule with NamePattern='*' and Level=Error has been skipped.
2026-09-10 08:18:59.7393 Warn Logger: Microsoft.Extensions.Hosting.Internal.ApplicationLifetime configured with duplicate output to target: FileTarget(Name=allfile). LoggingRule with NamePattern='*' and Level=Error has been skipped.
2026-09-10 08:18:59.7393 Warn Logger: Microsoft.Extensions.Hosting.Internal.Host configured with duplicate output to target: FileTarget(Name=allfile). LoggingRule with NamePattern='*' and Level=Error has been skipped.
2026-09-10 08:18:59.7393 Warn Logger: Microsoft.Hosting.Lifetime configured with duplicate output to target: FileTarget(Name=allfile). LoggingRule with NamePattern='*' and Level=Error has been skipped.
2026-09-10 08:18:59.7393 Warn Logger: Microsoft.AspNetCore.Server.Kestrel.Core.KestrelServer configured with duplicate output to target: FileTarget(Name=allfile). LoggingRule with NamePattern='*' and Level=Error has been skipped.
2026-09-10 08:18:59.7393 Warn Logger: Microsoft.AspNetCore.Server.Kestrel.Https.Internal.HttpsConnectionMiddleware configured with duplicate output to target: FileTarget(Name=allfile). LoggingRule with NamePattern='*' and Level=Error has been skipped.
2026-09-10 08:18:59.7393 Warn Logger: Microsoft.AspNetCore.Server.Kestrel.Core.Internal.CertificatePathWatcher configured with duplicate output to target: FileTarget(Name=allfile). LoggingRule with NamePattern='*' and Level=Error has been skipped.
2026-09-10 08:18:59.7393 Warn Logger: Microsoft.AspNetCore.Server.Kestrel configured with duplicate output to target: FileTarget(Name=allfile). LoggingRule with NamePattern='*' and Level=Error has been skipped.
2026-09-10 08:18:59.7393 Warn Logger: Microsoft.AspNetCore.Server.Kestrel.BadRequests configured with duplicate output to target: FileTarget(Name=allfile). LoggingRule with NamePattern='*' and Level=Error has been skipped.
2026-09-10 08:18:59.7393 Warn Logger: Microsoft.AspNetCore.Server.Kestrel.Connections configured with duplicate output to target: FileTarget(Name=allfile). LoggingRule with NamePattern='*' and Level=Error has been skipped.
2026-09-10 08:18:59.7393 Warn Logger: Microsoft.AspNetCore.Server.Kestrel.Http2 configured with duplicate output to target: FileTarget(Name=allfile). LoggingRule with NamePattern='*' and Level=Error has been skipped.
2026-09-10 08:18:59.7393 Warn Logger: Microsoft.AspNetCore.Server.Kestrel.Http3 configured with duplicate output to target: FileTarget(Name=allfile). LoggingRule with NamePattern='*' and Level=Error has been skipped.
2026-09-10 08:18:59.7393 Warn Logger: BlogApp configured with duplicate output to target: FileTarget(Name=allfile). LoggingRule with NamePattern='*' and Level=Error has been skipped.
2026-09-10 08:18:59.7956 Warn Logger: Microsoft.EntityFrameworkCore.Infrastructure configured with duplicate output to target: FileTarget(Name=allfile). LoggingRule with NamePattern='*' and Level=Error has been skipped.
2026-09-10 08:18:59.8214 Warn Logger: Microsoft.EntityFrameworkCore.ChangeTracking configured with duplicate output to target: FileTarget(Name=allfile). LoggingRule with NamePattern='*' and Level=Error has been skipped.
2026-09-10 08:18:59.8214 Warn Logger: Microsoft.EntityFrameworkCore.Database.Command configured with duplicate output to target: FileTarget(Name=allfile). LoggingRule with NamePattern='*' and Level=Error has been skipped.
2026-09-10 08:18:59.8214 Warn Logger: Microsoft.EntityFrameworkCore.Query configured with duplicate output to target: FileTarget(Name=allfile). LoggingRule with NamePattern='*' and Level=Error has been skipped.
2026-09-10 08:18:59.8214 Warn Logger: Microsoft.EntityFrameworkCore.Database.Transaction configured with duplicate output to target: FileTarget(Name=allfile). LoggingRule with NamePattern='*' and Level=Error has been skipped.
2026-09-10 08:18:59.8214 Warn Logger: Microsoft.EntityFrameworkCore.Database.Connection configured with duplicate output to target: FileTarget(Name=allfile). LoggingRule with NamePattern='*' and Level=Error has been skipped.
2026-09-10 08:18:59.8349 Warn Logger: Microsoft.EntityFrameworkCore.Model configured with duplicate output to target: FileTarget(Name=allfile). LoggingRule with NamePattern='*' and Level=Error has been skipped.
2026-09-10 08:18:59.8349 Warn Logger: Microsoft.EntityFrameworkCore.Model.Validation configured with duplicate output to target: FileTarget(Name=allfile). LoggingRule with NamePattern='*' and Level=Error has been skipped.
2026-09-10 08:19:00.1613 Warn Logger: Microsoft.EntityFrameworkCore.Update configured with duplicate output to target: FileTarget(Name=allfile). LoggingRule with NamePattern='*' and Level=Error has been skipped.
2026-09-10 08:19:00.1613 Warn Logger: Microsoft.EntityFrameworkCore.Migrations configured with duplicate output to target: FileTarget(Name=allfile). LoggingRule with NamePattern='*' and Level=Error has been skipped.
2026-09-10 08:19:00.2262 Warn Logger: Microsoft.AspNetCore.Identity.RoleManager configured with duplicate output to target: FileTarget(Name=allfile). LoggingRule with NamePattern='*' and Level=Error has been skipped.
2026-09-10 08:19:00.2262 Warn Logger: Microsoft.AspNetCore.Identity.UserManager configured with duplicate output to target: FileTarget(Name=allfile). LoggingRule with NamePattern='*' and Level=Error has been skipped.
2026-09-10 08:19:00.2262 Warn Logger: Microsoft.AspNetCore.DataProtection.TypeForwardingActivator configured with duplicate output to target: FileTarget(Name=allfile). LoggingRule with NamePattern='*' and Level=Error has been skipped.
2026-09-10 08:19:00.2262 Warn Logger: Microsoft.AspNetCore.DataProtection.KeyManagement.XmlKeyManager configured with duplicate output to target: FileTarget(Name=allfile). LoggingRule with NamePattern='*' and Level=Error has been skipped.
2026-09-10 08:19:00.2262 Warn Logger: Microsoft.AspNetCore.DataProtection.AuthenticatedEncryption.CngGcmAuthenticatedEncryptorFactory configured with duplicate output to target: FileTarget(Name=allfile). LoggingRule with NamePattern='*' and Level=Error has been skipped.
2026-09-10 08:19:00.2262 Warn Logger: Microsoft.AspNetCore.DataProtection.AuthenticatedEncryption.CngCbcAuthenticatedEncryptorFactory configured with duplicate output to target: FileTarget(Name=allfile). LoggingRule with NamePattern='*' and Level=Error has been skipped.
2026-09-10 08:19:00.2262 Warn Logger: Microsoft.AspNetCore.DataProtection.AuthenticatedEncryption.ManagedAuthenticatedEncryptorFactory configured with duplicate output to target: FileTarget(Name=allfile). LoggingRule with NamePattern='*' and Level=Error has been skipped.
2026-09-10 08:19:00.2357 Warn Logger: Microsoft.AspNetCore.DataProtection.XmlEncryption.DpapiXmlEncryptor configured with duplicate output to target: FileTarget(Name=allfile). LoggingRule with NamePattern='*' and Level=Error has been skipped.
2026-09-10 08:19:00.2357 Warn Logger: Microsoft.AspNetCore.DataProtection.Repositories.FileSystemXmlRepository configured with duplicate output to target: FileTarget(Name=allfile). LoggingRule with NamePattern='*' and Level=Error has been skipped.
2026-09-10 08:19:00.2357 Warn Logger: Microsoft.AspNetCore.DataProtection.KeyManagement.DefaultKeyResolver configured with duplicate output to target: FileTarget(Name=allfile). LoggingRule with NamePattern='*' and Level=Error has been skipped.
2026-09-10 08:19:00.2357 Warn Logger: Microsoft.AspNetCore.DataProtection.KeyManagement.KeyRingProvider configured with duplicate output to target: FileTarget(Name=allfile). LoggingRule with NamePattern='*' and Level=Error has been skipped.
2026-09-10 08:19:00.2357 Warn Logger: Microsoft.AspNetCore.DataProtection.KeyManagement.KeyRingBasedDataProtector configured with duplicate output to target: FileTarget(Name=allfile). LoggingRule with NamePattern='*' and Level=Error has been skipped.
2026-09-10 08:19:00.2357 Warn Logger: Microsoft.AspNetCore.Identity.DataProtectorTokenProvider configured with duplicate output to target: FileTarget(Name=allfile). LoggingRule with NamePattern='*' and Level=Error has been skipped.
2026-09-10 08:19:00.4594 Warn Logger: Microsoft.AspNetCore.Mvc.Formatters.SystemTextJsonInputFormatter configured with duplicate output to target: FileTarget(Name=allfile). LoggingRule with NamePattern='*' and Level=Error has been skipped.
2026-09-10 08:19:00.4594 Warn Logger: Microsoft.AspNetCore.Mvc.Core.Filters.AntiforgeryMiddlewareAuthorizationFilter configured with duplicate output to target: FileTarget(Name=allfile). LoggingRule with NamePattern='*' and Level=Error has been skipped.
2026-09-10 08:19:00.4594 Warn Logger: Microsoft.AspNetCore.Mvc.Razor.Compilation.DefaultViewCompiler configured with duplicate output to target: FileTarget(Name=allfile). LoggingRule with NamePattern='*' and Level=Error has been skipped.
2026-09-10 08:19:00.4707 Warn Logger: Microsoft.AspNetCore.Mvc.Razor.RazorViewEngine configured with duplicate output to target: FileTarget(Name=allfile). LoggingRule with NamePattern='*' and Level=Error has been skipped.
2026-09-10 08:19:00.4707 Warn Logger: Microsoft.AspNetCore.Mvc.Infrastructure.DefaultActionDescriptorCollectionProvider configured with duplicate output to target: FileTarget(Name=allfile). LoggingRule with NamePattern='*' and Level=Error has been skipped.
2026-09-10 08:19:00.4707 Warn Logger: Microsoft.AspNetCore.Mvc.ModelBinding.ModelBinderFactory configured with duplicate output to target: FileTarget(Name=allfile). LoggingRule with NamePattern='*' and Level=Error has been skipped.
2026-09-10 08:19:00.4707 Warn Logger: Microsoft.AspNetCore.Mvc.ModelBinding.ParameterBinder configured with duplicate output to target: FileTarget(Name=allfile). LoggingRule with NamePattern='*' and Level=Error has been skipped.
2026-09-10 08:19:00.4707 Warn Logger: Microsoft.AspNetCore.Mvc.Infrastructure.ControllerActionInvoker configured with duplicate output to target: FileTarget(Name=allfile). LoggingRule with NamePattern='*' and Level=Error has been skipped.
2026-09-10 08:19:00.4972 Warn Logger: Microsoft.AspNetCore.DataProtection.Internal.DataProtectionHostedService configured with duplicate output to target: FileTarget(Name=allfile). LoggingRule with NamePattern='*' and Level=Error has been skipped.
2026-09-10 08:19:00.4972 Warn Logger: Microsoft.AspNetCore.Hosting.Diagnostics configured with duplicate output to target: FileTarget(Name=allfile). LoggingRule with NamePattern='*' and Level=Error has been skipped.
2026-09-10 08:19:00.5133 Warn Logger: Microsoft.AspNetCore.DataProtection.XmlEncryption.DpapiXmlDecryptor configured with duplicate output to target: FileTarget(Name=allfile). LoggingRule with NamePattern='*' and Level=Error has been skipped.
2026-09-10 08:19:00.5133 Warn Logger: Microsoft.AspNetCore.Watch.BrowserRefresh.BlazorWasmHotReloadMiddleware configured with duplicate output to target: FileTarget(Name=allfile). LoggingRule with NamePattern='*' and Level=Error has been skipped.
2026-09-10 08:19:00.5186 Warn Logger: Microsoft.AspNetCore.Watch.BrowserRefresh.BrowserScriptMiddleware configured with duplicate output to target: FileTarget(Name=allfile). LoggingRule with NamePattern='*' and Level=Error has been skipped.
2026-09-10 08:19:00.5186 Warn Logger: Microsoft.AspNetCore.Routing.EndpointMiddleware configured with duplicate output to target: FileTarget(Name=allfile). LoggingRule with NamePattern='*' and Level=Error has been skipped.
2026-09-10 08:19:00.5186 Warn Logger: Microsoft.AspNetCore.Authorization.AuthorizationMiddleware configured with duplicate output to target: FileTarget(Name=allfile). LoggingRule with NamePattern='*' and Level=Error has been skipped.
2026-09-10 08:19:00.5186 Warn Logger: Microsoft.AspNetCore.Routing.EndpointRoutingMiddleware configured with duplicate output to target: FileTarget(Name=allfile). LoggingRule with NamePattern='*' and Level=Error has been skipped.
2026-09-10 08:19:00.5329 Warn Logger: Microsoft.AspNetCore.StaticFiles.StaticFileMiddleware configured with duplicate output to target: FileTarget(Name=allfile). LoggingRule with NamePattern='*' and Level=Error has been skipped.
2026-09-10 08:19:00.5329 Warn Logger: Microsoft.AspNetCore.HttpsPolicy.HttpsRedirectionMiddleware configured with duplicate output to target: FileTarget(Name=allfile). LoggingRule with NamePattern='*' and Level=Error has been skipped.
2026-09-10 08:19:00.5329 Warn Logger: Microsoft.AspNetCore.Diagnostics.ExceptionHandlerMiddleware configured with duplicate output to target: FileTarget(Name=allfile). LoggingRule with NamePattern='*' and Level=Error has been skipped.
2026-09-10 08:19:00.5329 Warn Logger: Microsoft.AspNetCore.Diagnostics.DeveloperExceptionPageMiddleware configured with duplicate output to target: FileTarget(Name=allfile). LoggingRule with NamePattern='*' and Level=Error has been skipped.
2026-09-10 08:19:00.5329 Warn Logger: Microsoft.AspNetCore.HostFiltering.HostFilteringMiddleware configured with duplicate output to target: FileTarget(Name=allfile). LoggingRule with NamePattern='*' and Level=Error has been skipped.
2026-09-10 08:19:00.5329 Warn Logger: Microsoft.WebTools.BrowserLink.Net.BrowserLinkMiddleware configured with duplicate output to target: FileTarget(Name=allfile). LoggingRule with NamePattern='*' and Level=Error has been skipped.
2026-09-10 08:19:00.5329 Warn Logger: Microsoft.WebTools.BrowserLink.Net.VsContentMiddleware configured with duplicate output to target: FileTarget(Name=allfile). LoggingRule with NamePattern='*' and Level=Error has been skipped.
2026-09-10 08:19:00.5329 Warn Logger: Microsoft.AspNetCore.Watch.BrowserRefresh.BrowserRefreshMiddleware configured with duplicate output to target: FileTarget(Name=allfile). LoggingRule with NamePattern='*' and Level=Error has been skipped.
2026-09-10 08:19:00.5837 Warn Logger: Microsoft.AspNetCore.Server.Kestrel.Transport.Sockets configured with duplicate output to target: FileTarget(Name=allfile). LoggingRule with NamePattern='*' and Level=Error has been skipped.
